"Deal Name","Pipeline","Deal Stage","Amount","Deal Description"
"3713 Mary Ave, Baltimore, MD 21206","Sales Pipeline","Appointment Scheduled","259900","https://www.zillow.com/homedetails/3713-Mary-Ave-Baltimore-MD-21206/36581755_zpid/ | Agent: William M Savage 410-216-3435 | Zest $258900 | 31 days on market | Opening offer $165,000 / MAO ceiling $187,722"
"24 Merrymount Rd, Baltimore, MD 21210","Sales Pipeline","Appointment Scheduled","250000","https://www.zillow.com/homedetails/24-Merrymount-Rd-Baltimore-MD-21210/36592251_zpid/ | Agent: Matt Cooper 410-977-4711 | 13 days on market | Opening offer $158,500 / MAO ceiling $180,000"
"4400 Norfolk Ave, Baltimore, MD 21216","Sales Pipeline","Appointment Scheduled","65000","https://www.zillow.com/homedetails/4400-Norfolk-Ave-Baltimore-MD-21216/36628283_zpid/ | Agent: Stacie Teal-Locust 443-865-7267 | 6 days on market | Opening offer $34,000 / MAO ceiling $38,700"
"3503 Oakmont Ave, Baltimore, MD 21215","Sales Pipeline","Appointment Scheduled","240000","https://www.zillow.com/homedetails/3503-Oakmont-Ave-Baltimore-MD-21215/36597835_zpid/ | Agent: Corey Christianson 207-200-0397 | Zest $237600 | 64 days on market | Opening offer $151,500 / MAO ceiling $172,200"
"2640 Ridgely St, Baltimore, MD 21230","Sales Pipeline","Appointment Scheduled","162000","https://www.zillow.com/homedetails/2640-Ridgely-St-Baltimore-MD-21230/36547711_zpid/ | Agent: Gina Gargeu 410-547-1116 | Zest $159600 | 1 days on market | Opening offer $102,500 / MAO ceiling $116,360"
"6003 Glenoak Ave, Baltimore, MD 21214","Sales Pipeline","Appointment Scheduled","194500","https://www.zillow.com/homedetails/6003-Glenoak-Ave-Baltimore-MD-21214/36580720_zpid/ | Agent: Marc Cormier 301-660-6272 | PRICE DROP $5500 | 44 days on market | Opening offer $124,500 / MAO ceiling $141,710"
"2507 Parktrail Rd, Baltimore, MD 21234","Sales Pipeline","Appointment Scheduled","265000","https://www.zillow.com/homedetails/2507-Parktrail-Rd-Baltimore-MD-21234/36610620_zpid/ | Agent: Ross Levin 240-888-1847 | Zest $265800 | 23 days on market | Opening offer $168,500 / MAO ceiling $191,700"
"2407 E Cold Spring Ln, Baltimore, MD 21214","Sales Pipeline","Appointment Scheduled","224900","https://www.zillow.com/homedetails/2407-E-Cold-Spring-Ln-Baltimore-MD-21214/36586329_zpid/ | Agent: Nick Todorov Todorov 410-790-3952 | Zest $223300 | 4 days on market | Opening offer $141,000 / MAO ceiling $160,422"
"6511 Brook Ave, Baltimore, MD 21206","Sales Pipeline","Appointment Scheduled","189900","https://www.zillow.com/homedetails/6511-Brook-Ave-Baltimore-MD-21206/36585251_zpid/ | Agent: Demetria Scott 240-229-9111 | Zest $222100 | 3 days on market | Opening offer $121,500 / MAO ceiling $138,122"
"3804 Park Heights Ave, Baltimore, MD 21215","Sales Pipeline","Appointment Scheduled","64999","https://www.zillow.com/homedetails/3804-Park-Heights-Ave-Baltimore-MD-21215/36502156_zpid/ | Agent: Chris Kotula 443-207-2330 | PRICE DROP $5001 | 48 days on market | Opening offer $34,000 / MAO ceiling $38,699"
"3712 W Cold Spring Ln, Baltimore, MD 21215","Sales Pipeline","Appointment Scheduled","279900","https://www.zillow.com/homedetails/3712-W-Cold-Spring-Ln-Baltimore-MD-21215/36496811_zpid/ | Agent: Marcela Fleming 571-438-8826 | Zest $279900 | 10 days on market | Opening offer $179,000 / MAO ceiling $203,322"
"4222 Woodlea Ave, Baltimore, MD 21206","Sales Pipeline","Appointment Scheduled","134900","https://www.zillow.com/homedetails/4222-Woodlea-Ave-Baltimore-MD-21206/36574885_zpid/ | Agent: STEPHEN PIPICH 443-286-2943 | PRICE DROP $4600 | Zest $134400 | 34 days on market | Opening offer $84,000 / MAO ceiling $95,222"
"1263 James St, Baltimore, MD 21223","Sales Pipeline","Appointment Scheduled","100000","https://www.zillow.com/homedetails/1263-James-St-Baltimore-MD-21223/36533275_zpid/ | Agent: Thao Nguyen 240-579-4888 | 10 days on market | Opening offer $60,000 / MAO ceiling $68,000"
"1009 Poplar Grove St, Baltimore, MD 21216","Sales Pipeline","Appointment Scheduled","67500","https://www.zillow.com/homedetails/1009-Poplar-Grove-St-Baltimore-MD-21216/36514479_zpid/ | Agent: Jason Ekus 202-740-6708 | 63 days on market | Opening offer $36,000 / MAO ceiling $41,150"
"1008 Walnut Ave, Baltimore, MD 21229","Sales Pipeline","Appointment Scheduled","299900","https://www.zillow.com/homedetails/1008-Walnut-Ave-Baltimore-MD-21229/36629521_zpid/ | Agent: Ashley Dominick 443-596-7230 | PRICE DROP $18100 | Zest $298600 | 43 days on market | Opening offer $192,500 / MAO ceiling $218,922"
"2908 Clifton Ave, Baltimore, MD 21216","Sales Pipeline","Appointment Scheduled","225000","https://www.zillow.com/homedetails/2908-Clifton-Ave-Baltimore-MD-21216/36490218_zpid/ | 14 days on market | Opening offer $141,000 / MAO ceiling $160,500"
"2802 W Mosher St, Baltimore, MD 21216","Sales Pipeline","Appointment Scheduled","105000","https://www.zillow.com/homedetails/2802-W-Mosher-St-Baltimore-MD-21216/461967139_zpid/ | Agent: Rhonda Gassert 443-798-8270 | 51 days on market | Opening offer $63,500 / MAO ceiling $71,900"
"5505 Hamlet Ave, Baltimore, MD 21214","Sales Pipeline","Appointment Scheduled","163000","https://www.zillow.com/homedetails/5505-Hamlet-Ave-Baltimore-MD-21214/36607494_zpid/ | Agent: Kya Abellard 202-491-3983 | Zest $256000 | 4 days on market | Opening offer $103,000 / MAO ceiling $117,140"
"7729 Bagley Ave, Parkville, MD 21234","Sales Pipeline","Appointment Scheduled","285000","https://www.zillow.com/homedetails/7729-Bagley-Ave-Parkville-MD-21234/36271988_zpid/ | Agent: J.R. Smith 410-596-4485 | PRICE DROP $39900 | Zest $283400 | 86 days on market | Opening offer $182,500 / MAO ceiling $207,300"
"4500 Norfolk Ave, Baltimore, MD 21216","Sales Pipeline","Appointment Scheduled","290000","https://www.zillow.com/homedetails/4500-Norfolk-Ave-Baltimore-MD-21216/36628268_zpid/ | Agent: Nanci Diamond 410-274-8466 | 50 days on market | Opening offer $186,000 / MAO ceiling $211,200"
"3506 Rosedale Rd, Baltimore, MD 21215","Sales Pipeline","Appointment Scheduled","275000","https://www.zillow.com/homedetails/3506-Rosedale-Rd-Baltimore-MD-21215/36498803_zpid/ | Agent: Doreen Allotey 240-832-6176 | Zest $293200 | 13 days on market | Opening offer $175,500 / MAO ceiling $199,500"
"4127 Doris Ave, Baltimore, MD 21225","Sales Pipeline","Appointment Scheduled","209900","https://www.zillow.com/homedetails/4127-Doris-Ave-Baltimore-MD-21225/36552984_zpid/ | 66 days on market | Opening offer $131,000 / MAO ceiling $148,722"
"2609 Foerster Ave, Baltimore, MD 21230","Sales Pipeline","Appointment Scheduled","250000","https://www.zillow.com/homedetails/2609-Foerster-Ave-Baltimore-MD-21230/36548951_zpid/ | Agent: Bianca Salas 619-917-2746 | Zest $240000 | 75 days on market | Opening offer $158,500 / MAO ceiling $180,000"
"1607 Elrino St, Baltimore, MD 21224","Sales Pipeline","Appointment Scheduled","95000","https://www.zillow.com/homedetails/1607-Elrino-St-Baltimore-MD-21224/36556929_zpid/ | Agent: Liz Keyser 443-454-5322 | PRICE DROP $20000 | 11 days on market | Opening offer $56,500 / MAO ceiling $64,100"
"2023 Walbrook Ave, Baltimore, MD 21217","Sales Pipeline","Appointment Scheduled","65000","https://www.zillow.com/homedetails/2023-Walbrook-Ave-Baltimore-MD-21217/36494906_zpid/ | 17 days on market | Opening offer $34,000 / MAO ceiling $38,700"
"806 Homestead St, Baltimore, MD 21218","Sales Pipeline","Appointment Scheduled","215000","https://www.zillow.com/homedetails/806-Homestead-St-Baltimore-MD-21218/36458820_zpid/ | Agent: Laura Livengood 410-404-6515 | Zest $211300 | 1 days on market | Opening offer $134,500 / MAO ceiling $152,700"
"3405 Gwynns Falls Pkwy, Baltimore, MD 21216","Sales Pipeline","Appointment Scheduled","149900","https://www.zillow.com/homedetails/3405-Gwynns-Falls-Pkwy-Baltimore-MD-21216/36501271_zpid/ | Agent: Chris Cooke 443-802-2728 | Zest $149600 | 9 days on market | Opening offer $94,000 / MAO ceiling $106,922"
"4208 S Artesian Ave, Chicago, IL 60632","Sales Pipeline","Appointment Scheduled","275000","https://www.zillow.com/homedetails/4208-S-Artesian-Ave-Chicago-IL-60632/3913914_zpid/ | Agent: Marcelo Damian 312-216-2422 | Zest $271700 | 1 days on market | Opening offer $175,500 / MAO ceiling $199,500"
"3846 W 84th Pl, Chicago, IL 60652","Sales Pipeline","Appointment Scheduled","279900","https://www.zillow.com/homedetails/3846-W-84th-Pl-Chicago-IL-60652/3975835_zpid/ | Agent: Tamara Wiggins 708-426-8176 | 4 days on market | Opening offer $179,000 / MAO ceiling $203,322"
"8028 S Ada St, Chicago, IL 60620","Sales Pipeline","Appointment Scheduled","109000","https://www.zillow.com/homedetails/8028-S-Ada-St-Chicago-IL-60620/4014583_zpid/ | Agent: Viveka Ross 630-465-4357 | Opening offer $66,000 / MAO ceiling $75,020"
"8350 S Lafayette Ave, Chicago, IL 60620","Sales Pipeline","Appointment Scheduled","299000","https://www.zillow.com/homedetails/8350-S-Lafayette-Ave-Chicago-IL-60620/4017840_zpid/ | Agent: James Morris 312-330-6911 | Zest $297000 | 1 days on market | Opening offer $192,000 / MAO ceiling $218,220"
"11532 S Harvard Ave, Chicago, IL 60628","Sales Pipeline","Appointment Scheduled","34900","https://www.zillow.com/homedetails/11532-S-Harvard-Ave-Chicago-IL-60628/4154146_zpid/ | Agent: David Williamson 847-912-1592 | Zest $36300 | 3 days on market | Opening offer $8,000 / MAO ceiling $9,202"
"6700 S Stewart Ave, Chicago, IL 60621","Sales Pipeline","Appointment Scheduled","99900","https://www.zillow.com/homedetails/6700-S-Stewart-Ave-Chicago-IL-60621/3998810_zpid/ | Agent: Eduardo Sanchez 773-403-7019 | Opening offer $60,000 / MAO ceiling $67,922"
"5921 S Sawyer Ave, Chicago, IL 60629","Sales Pipeline","Appointment Scheduled","260000","https://www.zillow.com/homedetails/5921-S-Sawyer-Ave-Chicago-IL-60629/3936621_zpid/ | Agent: Jose Gomez 773-344-0365 | Zest $260700 | 17 days on market | Opening offer $165,500 / MAO ceiling $187,800"
"6831 S Emerald Ave, Chicago, IL 60621","Sales Pipeline","Appointment Scheduled","55000","https://www.zillow.com/homedetails/6831-S-Emerald-Ave-Chicago-IL-60621/3998815_zpid/ | Agent: Steve Olszewski 847-404-4018 | 3 days on market | Opening offer $25,500 / MAO ceiling $28,900"
"7137 S Winchester Ave, Chicago, IL 60636","Sales Pipeline","Appointment Scheduled","80000","https://www.zillow.com/homedetails/7137-S-Winchester-Ave-Chicago-IL-60636/4010260_zpid/ | Agent: Tyrone Moten 312-450-2619 | PRICE DROP $9000 | 13 days on market | Opening offer $46,000 / MAO ceiling $52,400"
"3628 W 83rd St, Chicago, IL 60652","Sales Pipeline","Appointment Scheduled","260000","https://www.zillow.com/homedetails/3628-W-83rd-St-Chicago-IL-60652/3974812_zpid/ | Agent: Tyreeta McMahan 312-933-0550 | 23 days on market | Opening offer $165,500 / MAO ceiling $187,800"
"(Undisclosed Address), Chicago, IL 60628","Sales Pipeline","Appointment Scheduled","149000","https://www.zillow.com/homedetails/Chicago-IL-60628/4131935_zpid/ | Agent: T'Keyah Williams 847-495-5000 | Zest $150000 | 4 days on market | Opening offer $93,500 / MAO ceiling $106,220"
"8529 S May St, Chicago, IL 60620","Sales Pipeline","Appointment Scheduled","145000","https://www.zillow.com/homedetails/8529-S-May-St-Chicago-IL-60620/4016305_zpid/ | Agent: Donna Baker 708-466-4558 | Opening offer $90,500 / MAO ceiling $103,100"
"7011 S Calumet Ave, Chicago, IL 60637","Sales Pipeline","Appointment Scheduled","109900","https://www.zillow.com/homedetails/7011-S-Calumet-Ave-Chicago-IL-60637/3999714_zpid/ | Agent: Ryan Cherney 630-862-5181 | 9 days on market | Opening offer $66,500 / MAO ceiling $75,722"
"353 E 90th St, Chicago, IL 60619","Sales Pipeline","Appointment Scheduled","250000","https://www.zillow.com/homedetails/353-E-90th-St-Chicago-IL-60619/4115603_zpid/ | Agent: Melody Williams 815-282-2222 | Zest $247300 | 10 days on market | Opening offer $158,500 / MAO ceiling $180,000"
"9137 S Essex Ave, Chicago, IL 60617","Sales Pipeline","Appointment Scheduled","120000","https://www.zillow.com/homedetails/9137-S-Essex-Ave-Chicago-IL-60617/4166944_zpid/ | Agent: Frank Montro 708-307-0777 | 3 days on market | Opening offer $73,500 / MAO ceiling $83,600"
"1533 S Kilbourn Ave, Chicago, IL 60623","Sales Pipeline","Appointment Scheduled","249999","https://www.zillow.com/homedetails/1533-S-Kilbourn-Ave-Chicago-IL-60623/3824247_zpid/ | Agent: Anthony Kirkland 773-802-4144 | Zest $250100 | 3 days on market | Opening offer $158,500 / MAO ceiling $179,999"
"11326 S Union Ave, Chicago, IL 60628","Sales Pipeline","Appointment Scheduled","165000","https://www.zillow.com/homedetails/11326-S-Union-Ave-Chicago-IL-60628/4152611_zpid/ | Agent: Norma Lawson 773-720-7711 | Zest $163300 | 14 days on market | Opening offer $104,500 / MAO ceiling $118,700"
"6953 S Elizabeth St, Chicago, IL 60636","Sales Pipeline","Appointment Scheduled","70000","https://www.zillow.com/homedetails/6953-S-Elizabeth-St-Chicago-IL-60636/3998045_zpid/ | Agent: Felicia Holmes, ABR,AHWD 630-670-2174 | 59 days on market | Opening offer $38,500 / MAO ceiling $43,600"
"8005 S Campbell Ave, Chicago, IL 60652","Sales Pipeline","Appointment Scheduled","215000","https://www.zillow.com/homedetails/8005-S-Campbell-Ave-Chicago-IL-60652/3978392_zpid/ | Agent: Gershon Draiman 773-576-4455 | Opening offer $134,500 / MAO ceiling $152,700"
"13515 S Baltimore Ave, Chicago, IL 60633","Sales Pipeline","Appointment Scheduled","189900","https://www.zillow.com/homedetails/13515-S-Baltimore-Ave-Chicago-IL-60633/4175916_zpid/ | Agent: Lydia Barragan 773-731-8500 | 61 days on market | Opening offer $121,500 / MAO ceiling $138,122"
"9823 S Drexel Ave, Chicago, IL 60628","Sales Pipeline","Appointment Scheduled","260000","https://www.zillow.com/homedetails/9823-S-Drexel-Ave-Chicago-IL-60628/4135273_zpid/ | Agent: Arianne Kendrick 312-554-5478 | Zest $257200 | 11 days on market | Opening offer $165,500 / MAO ceiling $187,800"
"3709 W 66th Pl, Chicago, IL 60629","Sales Pipeline","Appointment Scheduled","230000","https://www.zillow.com/homedetails/3709-W-66th-Pl-Chicago-IL-60629/3953041_zpid/ | Agent: Grazyna Przybysz 773-545-5300 | PRICE DROP $10000 | Zest $239500 | 39 days on market | Opening offer $144,500 / MAO ceiling $164,400"
"(Undisclosed Address), Chicago, IL 60621","Sales Pipeline","Appointment Scheduled","85000","https://www.zillow.com/homedetails/Chicago-IL-60621/3991827_zpid/ | Agent: Johnnie M Martin, AHWD 708-717-7035 | 18 days on market | Opening offer $49,500 / MAO ceiling $56,300"
"618 E 89th St, Chicago, IL 60619","Sales Pipeline","Appointment Scheduled","132999","https://www.zillow.com/homedetails/618-E-89th-St-Chicago-IL-60619/4116198_zpid/ | Agent: Jennifer Simmons 773-494-9476 | Zest $130700 | 41 days on market | Opening offer $82,500 / MAO ceiling $93,739"
"11265 S May St, Chicago, IL 60643","Sales Pipeline","Appointment Scheduled","180000","https://www.zillow.com/homedetails/11265-S-May-St-Chicago-IL-60643/4150444_zpid/ | Agent: Vanessa Matthews 708-774-1486 | Opening offer $115,000 / MAO ceiling $130,400"
"7800 S Kimbark Ave, Chicago, IL 60619","Sales Pipeline","Appointment Scheduled","115000","https://www.zillow.com/homedetails/7800-S-Kimbark-Ave-Chicago-IL-60619/4004591_zpid/ | Agent: Frank Rusin 847-934-9100 | 53 days on market | Opening offer $70,000 / MAO ceiling $79,700"
"2459 E 74th St, Chicago, IL 60649","Sales Pipeline","Appointment Scheduled","130000","https://www.zillow.com/homedetails/2459-E-74th-St-Chicago-IL-60649/4025686_zpid/ | Agent: Arkadiusz Szejgiec 773-701-3046 | 60 days on market | Opening offer $80,500 / MAO ceiling $91,400"
"7512 S Saint Lawrence Ave, Chicago, IL 60619","Sales Pipeline","Appointment Scheduled","140000","https://www.zillow.com/homedetails/7512-S-Saint-Lawrence-Ave-Chicago-IL-60619/4006014_zpid/ | Agent: Jermaine McGee 773-391-1966 | PRICE DROP $10000 | Zest $136800 | 43 days on market | Opening offer $87,500 / MAO ceiling $99,200"
"11727 S Normal Ave, Chicago, IL 60628","Sales Pipeline","Appointment Scheduled","103000","https://www.zillow.com/homedetails/11727-S-Normal-Ave-Chicago-IL-60628/4153962_zpid/ | Agent: Damaris Santiago 773-992-6189 | 34 days on market | Opening offer $62,000 / MAO ceiling $70,340"
"65 W 112th Pl, Chicago, IL 60628","Sales Pipeline","Appointment Scheduled","113500","https://www.zillow.com/homedetails/65-W-112th-Pl-Chicago-IL-60628/4153231_zpid/ | Agent: Soraida Navarro 773-581-9600 | 55 days on market | Opening offer $69,000 / MAO ceiling $78,530"
"2856 E 79th St, Chicago, IL 60649","Sales Pipeline","Appointment Scheduled","99000","https://www.zillow.com/homedetails/2856-E-79th-St-Chicago-IL-60649/4026206_zpid/ | Agent: Joseph Stith 708-629-8350 | Opening offer $59,000 / MAO ceiling $67,220"
"11841 S Union Ave, Chicago, IL 60628","Sales Pipeline","Appointment Scheduled","65000","https://www.zillow.com/homedetails/11841-S-Union-Ave-Chicago-IL-60628/80816192_zpid/ | Agent: Marshon Sutton 773-451-1200 | 76 days on market | Opening offer $34,000 / MAO ceiling $38,700"
"(Undisclosed Address), Chicago, IL 60609","Sales Pipeline","Appointment Scheduled","200000","https://www.zillow.com/homedetails/Chicago-IL-60609/3983648_zpid/ | Agent: Maria Herrera 815-212-0032 | Zest $196100 | Opening offer $124,000 / MAO ceiling $141,000"
"7949 S Manistee Ave, Chicago, IL 60617","Sales Pipeline","Appointment Scheduled","224900","https://www.zillow.com/homedetails/7949-S-Manistee-Ave-Chicago-IL-60617/4026588_zpid/ | Agent: Edgardo Diaz 312-326-2121 | Opening offer $141,000 / MAO ceiling $160,422"
"1018 W 104th Pl, Chicago, IL 60643","Sales Pipeline","Appointment Scheduled","179999","https://www.zillow.com/homedetails/1018-W-104th-Pl-Chicago-IL-60643/4143985_zpid/ | Agent: Kanaan Deer 773-620-0450 | Zest $181100 | 11 days on market | Opening offer $115,000 / MAO ceiling $130,399"
"8926 S Lowe Ave, Chicago, IL 60620","Sales Pipeline","Appointment Scheduled","224900","https://www.zillow.com/homedetails/8926-S-Lowe-Ave-Chicago-IL-60620/4118546_zpid/ | Agent: Vanity Spivey 847-651-3398 | 41 days on market | Opening offer $141,000 / MAO ceiling $160,422"
"10118 S Luella Ave, Chicago, IL 60617","Sales Pipeline","Appointment Scheduled","275000","https://www.zillow.com/homedetails/10118-S-Luella-Ave-Chicago-IL-60617/4137265_zpid/ | Agent: Tamika Bishop, RENE 630-479-6352 | 33 days on market | Opening offer $175,500 / MAO ceiling $199,500"
"10147 S State St, Chicago, IL 60628","Sales Pipeline","Appointment Scheduled","149000","https://www.zillow.com/homedetails/10147-S-State-St-Chicago-IL-60628/4133955_zpid/ | Agent: Deborah McGowan 708-473-9366 | Zest $147000 | 66 days on market | Opening offer $93,500 / MAO ceiling $106,220"
"11548 S Normal Ave, Chicago, IL 60628","Sales Pipeline","Appointment Scheduled","190000","https://www.zillow.com/homedetails/11548-S-Normal-Ave-Chicago-IL-60628/4153672_zpid/ | Agent: Monica Deanda 708-788-1900 | Zest $189500 | 7 days on market | Opening offer $121,500 / MAO ceiling $138,200"
"11534 S Princeton Ave, Chicago, IL 60628","Sales Pipeline","Appointment Scheduled","85900","https://www.zillow.com/homedetails/11534-S-Princeton-Ave-Chicago-IL-60628/450070376_zpid/ | Agent: Keri Hir 708-560-1282 | PRICE DROP $9000 | 13 days on market | Opening offer $50,000 / MAO ceiling $57,002"
"6415 S Eberhart Ave, Chicago, IL 60637","Sales Pipeline","Appointment Scheduled","100000","https://www.zillow.com/homedetails/6415-S-Eberhart-Ave-Chicago-IL-60637/3999231_zpid/ | Agent: Damaris Santiago 773-992-6189 | PRICE DROP $5000 | Zest $141900 | 34 days on market | Opening offer $60,000 / MAO ceiling $68,000"
"5303 S Winchester Ave, Chicago, IL 60609","Sales Pipeline","Appointment Scheduled","230000","https://www.zillow.com/homedetails/5303-S-Winchester-Ave-Chicago-IL-60609/3982734_zpid/ | Agent: Jim Mantas 630-455-9995 | Zest $230000 | Opening offer $144,500 / MAO ceiling $164,400"
"11000 S Normal Ave, Chicago, IL 60628","Sales Pipeline","Appointment Scheduled","238900","https://www.zillow.com/homedetails/11000-S-Normal-Ave-Chicago-IL-60628/4142790_zpid/ | Agent: Keri Hir 708-560-1282 | PRICE DROP $1000 | Zest $237900 | 31 days on market | Opening offer $151,000 / MAO ceiling $171,342"
"12908 S Wallace St, Chicago, IL 60628","Sales Pipeline","Appointment Scheduled","139000","https://www.zillow.com/homedetails/12908-S-Wallace-St-Chicago-IL-60628/4164746_zpid/ | Agent: Ryan Cherney 630-862-5181 | 44 days on market | Opening offer $86,500 / MAO ceiling $98,420"
"10320 S Indiana Ave, Chicago, IL 60628","Sales Pipeline","Appointment Scheduled","159000","https://www.zillow.com/homedetails/10320-S-Indiana-Ave-Chicago-IL-60628/4138300_zpid/ | Agent: Tiffany Gillard, ABR,SRS 708-940-7944 | Zest $160300 | 12 days on market | Opening offer $100,500 / MAO ceiling $114,020"
"(Undisclosed Address), Chicago, IL 60643","Sales Pipeline","Appointment Scheduled","220000","https://www.zillow.com/homedetails/Chicago-IL-60643/4148656_zpid/ | Agent: Deborah Higgins 708-361-0800 | 34 days on market | Opening offer $138,000 / MAO ceiling $156,600"
"11432 S Wentworth Ave, Chicago, IL 60628","Sales Pipeline","Appointment Scheduled","115000","https://www.zillow.com/homedetails/11432-S-Wentworth-Ave-Chicago-IL-60628/4153481_zpid/ | Agent: Francisco Segovia 818-312-8882 | 23 days on market | Opening offer $70,000 / MAO ceiling $79,700"
"2469 E 74th St, Chicago, IL 60649","Sales Pipeline","Appointment Scheduled","88000","https://www.zillow.com/homedetails/2469-E-74th-St-Chicago-IL-60649/452658191_zpid/ | Agent: Andrew Taylor 312-939-5253 | 89 days on market | Opening offer $51,500 / MAO ceiling $58,640"
"9960 S Van Vlissingen Rd, Chicago, IL 60617","Sales Pipeline","Appointment Scheduled","120000","https://www.zillow.com/homedetails/9960-S-Van-Vlissingen-Rd-Chicago-IL-60617/4138043_zpid/ | Agent: Michael Tassone 312-446-8713 | Zest $118000 | 79 days on market | Opening offer $73,500 / MAO ceiling $83,600"
"8443 S Manistee Ave, Chicago, IL 60617","Sales Pipeline","Appointment Scheduled","174900","https://www.zillow.com/homedetails/8443-S-Manistee-Ave-Chicago-IL-60617/4027843_zpid/ | Agent: Jimish Desai, E-PRO 630-890-6494 | PRICE DROP $10100 | Opening offer $111,500 / MAO ceiling $126,422"
"7748 S Langley Ave, Chicago, IL 60619","Sales Pipeline","Appointment Scheduled","170000","https://www.zillow.com/homedetails/7748-S-Langley-Ave-Chicago-IL-60619/4006473_zpid/ | Agent: Angela Clark 773-398-7063 | Opening offer $108,000 / MAO ceiling $122,600"
"4541 S Laporte Ave, Chicago, IL 60638","Sales Pipeline","Appointment Scheduled","270000","https://www.zillow.com/homedetails/4541-S-Laporte-Ave-Chicago-IL-60638/3916347_zpid/ | Agent: Maria Carreno 708-277-7448 | Zest $268700 | 54 days on market | Opening offer $172,000 / MAO ceiling $195,600"
"8723 S Eggleston Ave, Chicago, IL 60620","Sales Pipeline","Appointment Scheduled","79000","https://www.zillow.com/homedetails/8723-S-Eggleston-Ave-Chicago-IL-60620/4118240_zpid/ | Agent: Landon Kelly 630-379-1078 | PRICE DROP $20000 | 40 days on market | Opening offer $45,500 / MAO ceiling $51,620"
"5711 S Mayfield Ave, Chicago, IL 60638","Sales Pipeline","Appointment Scheduled","269900","https://www.zillow.com/homedetails/5711-S-Mayfield-Ave-Chicago-IL-60638/3941803_zpid/ | Agent: Michael Olszewski 708-220-1791 | Zest $264700 | 23 days on market | Opening offer $172,000 / MAO ceiling $195,522"
"5009 W Chicago Ave, Chicago, IL 60651","Sales Pipeline","Appointment Scheduled","179900","https://www.zillow.com/homedetails/5009-W-Chicago-Ave-Chicago-IL-60651/3808734_zpid/ | Agent: JC Gonzalez 773-791-9219 | 16 days on market | Opening offer $114,500 / MAO ceiling $130,322"
"3508 S Mozart St, Chicago, IL 60632","Sales Pipeline","Appointment Scheduled","295000","https://www.zillow.com/homedetails/3508-S-Mozart-St-Chicago-IL-60632/3842123_zpid/ | Agent: Debbie Rago 630-890-0208 | 16 days on market | Opening offer $189,500 / MAO ceiling $215,100"
"7747 S Langley Ave, Chicago, IL 60619","Sales Pipeline","Appointment Scheduled","38000","https://www.zillow.com/homedetails/7747-S-Langley-Ave-Chicago-IL-60619/4006484_zpid/ | Agent: Michael Olszewski 708-220-1791 | 6 days on market | Opening offer $11,000 / MAO ceiling $12,240"
"7514 S Rhodes Ave, Chicago, IL 60619","Sales Pipeline","Appointment Scheduled","59900","https://www.zillow.com/homedetails/7514-S-Rhodes-Ave-Chicago-IL-60619/4005988_zpid/ | Agent: Michael Olszewski 708-220-1791 | 3 days on market | Opening offer $29,500 / MAO ceiling $33,702"
"912 W 87th St, Chicago, IL 60620","Sales Pipeline","Appointment Scheduled","69000","https://www.zillow.com/homedetails/912-W-87th-St-Chicago-IL-60620/4016587_zpid/ | Agent: Ryan Cherney 630-862-5181 | PRICE DROP $6000 | 10 days on market | Opening offer $37,500 / MAO ceiling $42,620"
"7324 S Blackstone Ave, Chicago, IL 60619","Sales Pipeline","Appointment Scheduled","115000","https://www.zillow.com/homedetails/7324-S-Blackstone-Ave-Chicago-IL-60619/4004078_zpid/ | Agent: Janina Farr 773-915-3900 | Opening offer $70,000 / MAO ceiling $79,700"
"5242 W Monroe St, Chicago, IL 60644","Sales Pipeline","Appointment Scheduled","139900","https://www.zillow.com/homedetails/5242-W-Monroe-St-Chicago-IL-60644/3812386_zpid/ | Agent: Mauricio Gonzalez 773-498-2524 | 23 days on market | Opening offer $87,000 / MAO ceiling $99,122"
"9042 S Ellis Ave, Chicago, IL 60619","Sales Pipeline","Appointment Scheduled","240000","https://www.zillow.com/homedetails/9042-S-Ellis-Ave-Chicago-IL-60619/4113756_zpid/ | Agent: Mariah Clinkscales 773-963-1365 | Zest $242800 | 4 days on market | Opening offer $151,500 / MAO ceiling $172,200"
"7201 S Vernon Ave, Chicago, IL 60619","Sales Pipeline","Appointment Scheduled","140000","https://www.zillow.com/homedetails/7201-S-Vernon-Ave-Chicago-IL-60619/2069892765_zpid/ | Agent: Carolyn Barnes 815-469-7449 | 43 days on market | Opening offer $87,500 / MAO ceiling $99,200"
"7226 S Peoria St, Chicago, IL 60621","Sales Pipeline","Appointment Scheduled","125000","https://www.zillow.com/homedetails/7226-S-Peoria-St-Chicago-IL-60621/4008453_zpid/ | Agent: Damaris Santiago 773-992-6189 | Opening offer $77,000 / MAO ceiling $87,500"
"7521 S Aberdeen St, Chicago, IL 60620","Sales Pipeline","Appointment Scheduled","135000","https://www.zillow.com/homedetails/7521-S-Aberdeen-St-Chicago-IL-60620/4009165_zpid/ | Agent: Gaspar Flores 773-581-9600 | 9 days on market | Opening offer $84,000 / MAO ceiling $95,300"
"1250 W 49th Pl, Chicago, IL 60609","Sales Pipeline","Appointment Scheduled","160000","https://www.zillow.com/homedetails/1250-W-49th-Pl-Chicago-IL-60609/3983096_zpid/ | Agent: Maria Bello 773-563-1280 | 53 days on market | Opening offer $101,000 / MAO ceiling $114,800"
"7741 S Chappel Ave, Chicago, IL 60649","Sales Pipeline","Appointment Scheduled","195000","https://www.zillow.com/homedetails/7741-S-Chappel-Ave-Chicago-IL-60649/4003235_zpid/ | Agent: Christopher Del Cid 312-307-0412 | Zest $194800 | 86 days on market | Opening offer $125,000 / MAO ceiling $142,100"
"10841 S Vernon Ave, Chicago, IL 60628","Sales Pipeline","Appointment Scheduled","199500","https://www.zillow.com/homedetails/10841-S-Vernon-Ave-Chicago-IL-60628/439200524_zpid/ | Agent: Sergio Lara 630-479-3358 | 19 days on market | Opening offer $128,000 / MAO ceiling $145,610"
"5135 S May St, Chicago, IL 60609","Sales Pipeline","Appointment Scheduled","110000","https://www.zillow.com/homedetails/5135-S-May-St-Chicago-IL-60609/3983501_zpid/ | Agent: Stephanie Adams 773-573-4882 | Zest $137800 | 2 days on market | Opening offer $66,500 / MAO ceiling $75,800"
"6914 S Winchester Ave, Chicago, IL 60636","Sales Pipeline","Appointment Scheduled","150000","https://www.zillow.com/homedetails/6914-S-Winchester-Ave-Chicago-IL-60636/3996781_zpid/ | Agent: Anthony Kirkland 773-802-4144 | Zest $149300 | 20 days on market | Opening offer $94,000 / MAO ceiling $107,000"
"7535 S Vernon Ave, Chicago, IL 60619","Sales Pipeline","Appointment Scheduled","174999","https://www.zillow.com/homedetails/7535-S-Vernon-Ave-Chicago-IL-60619/4005963_zpid/ | Agent: Aaron Gaines 708-765-2620 | Opening offer $111,500 / MAO ceiling $126,499"
"6717 S Rhodes Ave, Chicago, IL 60637","Sales Pipeline","Appointment Scheduled","64900","https://www.zillow.com/homedetails/6717-S-Rhodes-Ave-Chicago-IL-60637/3999749_zpid/ | Agent: Michael Olszewski 708-220-1791 | 30 days on market | Opening offer $34,000 / MAO ceiling $38,602"
"8435 S Cregier Ave, Chicago, IL 60617","Sales Pipeline","Appointment Scheduled","249900","https://www.zillow.com/homedetails/8435-S-Cregier-Ave-Chicago-IL-60617/4024027_zpid/ | Agent: Anthony Disano 312-788-4040 | 33 days on market | Opening offer $158,500 / MAO ceiling $179,922"
"8128 S Coles Ave, Chicago, IL 60617","Sales Pipeline","Appointment Scheduled","170000","https://www.zillow.com/homedetails/8128-S-Coles-Ave-Chicago-IL-60617/4027396_zpid/ | Agent: Emil Tavriver 224-424-9100 | Zest $170000 | 60 days on market | Opening offer $108,000 / MAO ceiling $122,600"
"10650 S State St, Chicago, IL 60628","Sales Pipeline","Appointment Scheduled","51900","https://www.zillow.com/homedetails/10650-S-State-St-Chicago-IL-60628/4142114_zpid/ | Agent: Ryan Cherney 630-862-5181 | 11 days on market | Opening offer $23,000 / MAO ceiling $25,862"
"11349 S Saint Lawrence Ave, Chicago, IL 60628","Sales Pipeline","Appointment Scheduled","239500","https://www.zillow.com/homedetails/11349-S-Saint-Lawrence-Ave-Chicago-IL-60628/4155265_zpid/ | Agent: Cindy Banks 630-533-5900 | 10 days on market | Opening offer $151,000 / MAO ceiling $171,810"
"9432 S Bishop St, Chicago, IL 60620","Sales Pipeline","Appointment Scheduled","299990","https://www.zillow.com/homedetails/9432-S-Bishop-St-Chicago-IL-60620/4122005_zpid/ | Agent: Harry Zaman 804-385-3534 | Zest $299400 | 80 days on market | Opening offer $192,500 / MAO ceiling $218,992"
"7522 S Vernon Ave, Chicago, IL 60619","Sales Pipeline","Appointment Scheduled","139000","https://www.zillow.com/homedetails/7522-S-Vernon-Ave-Chicago-IL-60619/4005947_zpid/ | Agent: Bridget Reuben 773-434-4400 | Zest $137800 | 32 days on market | Opening offer $86,500 / MAO ceiling $98,420"
"7331 S Peoria St, Chicago, IL 60621","Sales Pipeline","Appointment Scheduled","69000","https://www.zillow.com/homedetails/7331-S-Peoria-St-Chicago-IL-60621/4008692_zpid/ | Agent: Rene Mendoza 312-600-7595 | 9 days on market | Opening offer $37,500 / MAO ceiling $42,620"
"6100 S Bishop St, Chicago, IL 60636","Sales Pipeline","Appointment Scheduled","99500","https://www.zillow.com/homedetails/6100-S-Bishop-St-Chicago-IL-60636/3992640_zpid/ | Agent: Ubaldo Garcia 773-767-1616 | 27 days on market | Opening offer $59,500 / MAO ceiling $67,610"
"1214 W 96th St, Chicago, IL 60643","Sales Pipeline","Appointment Scheduled","219900","https://www.zillow.com/homedetails/1214-W-96th-St-Chicago-IL-60643/159193685_zpid/ | Agent: Anthony Disano 312-788-4040 | 34 days on market | Opening offer $137,500 / MAO ceiling $156,522"
"1328 W 98th St, Chicago, IL 60643","Sales Pipeline","Appointment Scheduled","215000","https://www.zillow.com/homedetails/1328-W-98th-St-Chicago-IL-60643/4127725_zpid/ | Agent: Anthony Disano 312-788-4040 | Zest $215600 | 54 days on market | Opening offer $134,500 / MAO ceiling $152,700"
"5950 S Marshfield Ave, Chicago, IL 60636","Sales Pipeline","Appointment Scheduled","199900","https://www.zillow.com/homedetails/5950-S-Marshfield-Ave-Chicago-IL-60636/3994047_zpid/ | Agent: Michael Scola 708-612-8885 | Zest $201900 | 18 days on market | Opening offer $128,500 / MAO ceiling $145,922"
"10066 S Van Vlissingen Rd, Chicago, IL 60617","Sales Pipeline","Appointment Scheduled","175000","https://www.zillow.com/homedetails/10066-S-Van-Vlissingen-Rd-Chicago-IL-60617/4138060_zpid/ | Agent: Jessica Teuthorn 312-216-2422 | 18 days on market | Opening offer $111,500 / MAO ceiling $126,500"
"11224 S Stewart Ave, Chicago, IL 60628","Sales Pipeline","Appointment Scheduled","120000","https://www.zillow.com/homedetails/11224-S-Stewart-Ave-Chicago-IL-60628/4152570_zpid/ | Agent: Eve L Benton 312-834-4383 | PRICE DROP $5000 | 66 days on market | Opening offer $73,500 / MAO ceiling $83,600"
"6348 S Rhodes Ave, Chicago, IL 60637","Sales Pipeline","Appointment Scheduled","235000","https://www.zillow.com/homedetails/6348-S-Rhodes-Ave-Chicago-IL-60637/3999197_zpid/ | Agent: Cody Kindle 872-801-1133 | Zest $235300 | 12 days on market | Opening offer $148,000 / MAO ceiling $168,300"
"1333 W 71st St, Chicago, IL 60636","Sales Pipeline","Appointment Scheduled","133300","https://www.zillow.com/homedetails/1333-W-71st-St-Chicago-IL-60636/4007455_zpid/ | Agent: Nadia Meza 773-717-5364 | PRICE DROP $48700 | 58 days on market | Opening offer $82,500 / MAO ceiling $93,974"
"1233 W 73rd Pl, Chicago, IL 60636","Sales Pipeline","Appointment Scheduled","159000","https://www.zillow.com/homedetails/1233-W-73rd-Pl-Chicago-IL-60636/4008060_zpid/ | Agent: Mark Minorczyk, ABR,BPOR,CNC,E-PRO,GRI,MRP,PSA,SFR 773-320-0020 | Opening offer $100,500 / MAO ceiling $114,020"
"5225 S Wood St, Chicago, IL 60609","Sales Pipeline","Appointment Scheduled","100000","https://www.zillow.com/homedetails/5225-S-Wood-St-Chicago-IL-60609/3982675_zpid/ | Agent: Javier Alday 708-788-1900 | Opening offer $60,000 / MAO ceiling $68,000"
"337 W 110th Pl, Chicago, IL 60628","Sales Pipeline","Appointment Scheduled","74999","https://www.zillow.com/homedetails/337-W-110th-Pl-Chicago-IL-60628/4143463_zpid/ | Agent: Shauntell Lawrence 773-610-2819 | PRICE DROP $5001 | 68 days on market | Opening offer $42,500 / MAO ceiling $48,499"
"11722 S Parnell Ave, Chicago, IL 60628","Sales Pipeline","Appointment Scheduled","155000","https://www.zillow.com/homedetails/11722-S-Parnell-Ave-Chicago-IL-60628/4153922_zpid/ | Agent: Adekunle Ibitayo 708-288-7878 | Zest $155400 | 66 days on market | Opening offer $97,500 / MAO ceiling $110,900"
"12511 S State St, Chicago, IL 60628","Sales Pipeline","Appointment Scheduled","199900","https://www.zillow.com/homedetails/12511-S-State-St-Chicago-IL-60628/4158949_zpid/ | Agent: Anthony Disano 312-788-4040 | Zest $199600 | 53 days on market | Opening offer $128,500 / MAO ceiling $145,922"
"9433 S Michigan Ave, Chicago, IL 60619","Sales Pipeline","Appointment Scheduled","70000","https://www.zillow.com/homedetails/9433-S-Michigan-Ave-Chicago-IL-60619/4117312_zpid/ | Agent: James Mattz 708-798-1111 | Opening offer $38,500 / MAO ceiling $43,600"
"7843 S Langley Ave, Chicago, IL 60619","Sales Pipeline","Appointment Scheduled","78000","https://www.zillow.com/homedetails/7843-S-Langley-Ave-Chicago-IL-60619/4006689_zpid/ | Agent: Andrew Taylor 312-939-5253 | 66 days on market | Opening offer $44,500 / MAO ceiling $50,840"
"10535 S Peoria St, Chicago, IL 60643","Sales Pipeline","Appointment Scheduled","177500","https://www.zillow.com/homedetails/10535-S-Peoria-St-Chicago-IL-60643/4144309_zpid/ | Agent: Gregory Lee, ABR,MRP,RENE,SFR,SRS 773-596-3069 | Zest $179200 | 13 days on market | Opening offer $113,000 / MAO ceiling $128,450"
"6037 & 6039 S Wood St, Chicago, IL 60636","Sales Pipeline","Appointment Scheduled","195000","https://www.zillow.com/homedetails/6037-6039-S-Wood-St-Chicago-IL-60636/463006124_zpid/ | Agent: Mark Minorczyk, ABR,BPOR,CNC,E-PRO,GRI,MRP,PSA,SFR 773-320-0020 | Opening offer $125,000 / MAO ceiling $142,100"
"6845 S Chappel Ave, Chicago, IL 60649","Sales Pipeline","Appointment Scheduled","275000","https://www.zillow.com/homedetails/6845-S-Chappel-Ave-Chicago-IL-60649/4001071_zpid/ | Agent: Tene' Gray 773-837-8173 | 60 days on market | Opening offer $175,500 / MAO ceiling $199,500"
"9122 S La Salle St, Chicago, IL 60620","Sales Pipeline","Appointment Scheduled","59900","https://www.zillow.com/homedetails/9122-S-La-Salle-St-Chicago-IL-60620/4119952_zpid/ | Agent: Jose Leon 708-484-2300 | PRICE DROP $20000 | 53 days on market | Opening offer $29,500 / MAO ceiling $33,702"
"8313 S Wabash Ave, Chicago, IL 60619","Sales Pipeline","Appointment Scheduled","259900","https://www.zillow.com/homedetails/8313-S-Wabash-Ave-Chicago-IL-60619/4018791_zpid/ | Agent: Marc Wells 312-953-0896 | Opening offer $165,000 / MAO ceiling $187,722"
"9846 S Calhoun Ave, Chicago, IL 60617","Sales Pipeline","Appointment Scheduled","79000","https://www.zillow.com/homedetails/9846-S-Calhoun-Ave-Chicago-IL-60617/2069892858_zpid/ | Agent: Ryan Cherney 630-862-5181 | PRICE DROP $10000 | 10 days on market | Opening offer $45,500 / MAO ceiling $51,620"
"5733 S Wolcott Ave, Chicago, IL 60636","Sales Pipeline","Appointment Scheduled","160000","https://www.zillow.com/homedetails/5733-S-Wolcott-Ave-Chicago-IL-60636/2066690185_zpid/ | Agent: Michael Olszewski 708-220-1791 | Zest $161300 | 73 days on market | Opening offer $101,000 / MAO ceiling $114,800"
"5819 S Fairfield Ave, Chicago, IL 60629","Sales Pipeline","Appointment Scheduled","269898","https://www.zillow.com/homedetails/5819-S-Fairfield-Ave-Chicago-IL-60629/3932259_zpid/ | Agent: Marisela Mayorga 773-434-0903 | Zest $267600 | 38 days on market | Opening offer $172,000 / MAO ceiling $195,520"
"15 E 126th St, Chicago, IL 60628","Sales Pipeline","Appointment Scheduled","90000","https://www.zillow.com/homedetails/15-E-126th-St-Chicago-IL-60628/4159016_zpid/ | Agent: Damaris Santiago 773-992-6189 | 34 days on market | Opening offer $53,000 / MAO ceiling $60,200"
"5648 S Sawyer Ave, Chicago, IL 60629","Sales Pipeline","Appointment Scheduled","210000","https://www.zillow.com/homedetails/5648-S-Sawyer-Ave-Chicago-IL-60629/3935081_zpid/ | Agent: Crystal Trevino 773-767-1616 | Zest $209100 | 1 days on market | Opening offer $131,000 / MAO ceiling $148,800"
"18 W 114th St, Chicago, IL 60628","Sales Pipeline","Appointment Scheduled","99900","https://www.zillow.com/homedetails/18-W-114th-St-Chicago-IL-60628/448099125_zpid/ | Agent: Michael Olszewski 708-220-1791 | 73 days on market | Opening offer $60,000 / MAO ceiling $67,922"
"6759 S Calumet Ave, Chicago, IL 60637","Sales Pipeline","Appointment Scheduled","155000","https://www.zillow.com/homedetails/6759-S-Calumet-Ave-Chicago-IL-60637/462360116_zpid/ | Agent: Damaris Santiago 773-992-6189 | Zest $153900 | Opening offer $97,500 / MAO ceiling $110,900"
"1647 W 59th St, Chicago, IL 60636","Sales Pipeline","Appointment Scheduled","140000","https://www.zillow.com/homedetails/1647-W-59th-St-Chicago-IL-60636/3994023_zpid/ | Agent: Mark Minorczyk, ABR,BPOR,CNC,E-PRO,GRI,MRP,PSA,SFR 773-320-0020 | Opening offer $87,500 / MAO ceiling $99,200"
"5953 S Throop St, Chicago, IL 60636","Sales Pipeline","Appointment Scheduled","129000","https://www.zillow.com/homedetails/5953-S-Throop-St-Chicago-IL-60636/3992468_zpid/ | Agent: Sarah Ziehr 312-770-0079 | Zest $141900 | 3 days on market | Opening offer $79,500 / MAO ceiling $90,620"
"6433 S Talman Ave, Chicago, IL 60629","Sales Pipeline","Appointment Scheduled","220000","https://www.zillow.com/homedetails/6433-S-Talman-Ave-Chicago-IL-60629/3955868_zpid/ | Agent: Jasmine Stewart 708-890-3143 | PRICE DROP $5000 | Zest $217500 | 9 days on market | Opening offer $138,000 / MAO ceiling $156,600"
"10939 S Avenue F, Chicago, IL 60617","Sales Pipeline","Appointment Scheduled","225000","https://www.zillow.com/homedetails/10939-S-Avenue-F-Chicago-IL-60617/4171503_zpid/ | Agent: Oscar Estrada 312-785-1757 | Zest $226600 | 16 days on market | Opening offer $141,000 / MAO ceiling $160,500"
"742 N Christiana Ave, Chicago, IL 60624","Sales Pipeline","Appointment Scheduled","50000","https://www.zillow.com/homedetails/742-N-Christiana-Ave-Chicago-IL-60624/3810342_zpid/ | Agent: Anthony Disano 312-788-4040 | 16 days on market | Opening offer $21,000 / MAO ceiling $24,000"
"7939 S Kingston Ave, Chicago, IL 60617","Sales Pipeline","Appointment Scheduled","180000","https://www.zillow.com/homedetails/7939-S-Kingston-Ave-Chicago-IL-60617/4026482_zpid/ | Agent: Michael Clark 773-983-2795 | Zest $180000 | 73 days on market | Opening offer $115,000 / MAO ceiling $130,400"
"7629 S Maryland Ave, Chicago, IL 60619","Sales Pipeline","Appointment Scheduled","43900","https://www.zillow.com/homedetails/7629-S-Maryland-Ave-Chicago-IL-60619/4004214_zpid/ | Agent: David Williamson 847-912-1592 | PRICE DROP $1000 | 34 days on market | Opening offer $16,000 / MAO ceiling $18,022"
"8106 S Burnham Ave, Chicago, IL 60617","Sales Pipeline","Appointment Scheduled","150000","https://www.zillow.com/homedetails/8106-S-Burnham-Ave-Chicago-IL-60617/4026916_zpid/ | Agent: Kanaan Deer 773-620-0450 | PRICE DROP $39900 | Zest $148100 | 11 days on market | Opening offer $94,000 / MAO ceiling $107,000"
"1434 N Leamington Ave, Chicago, IL 60651","Sales Pipeline","Appointment Scheduled","279900","https://www.zillow.com/homedetails/1434-N-Leamington-Ave-Chicago-IL-60651/3796362_zpid/ | Agent: Olivia Albarran 312-852-4254 | 26 days on market | Opening offer $179,000 / MAO ceiling $203,322"
"8745 S Euclid Ave, Chicago, IL 60617","Sales Pipeline","Appointment Scheduled","249900","https://www.zillow.com/homedetails/8745-S-Euclid-Ave-Chicago-IL-60617/4110562_zpid/ | Agent: Funmi Onayemi, ABR,GRI 708-372-3894 | 12 days on market | Opening offer $158,500 / MAO ceiling $179,922"
"9633 S Princeton Ave, Chicago, IL 60628","Sales Pipeline","Appointment Scheduled","124900","https://www.zillow.com/homedetails/9633-S-Princeton-Ave-Chicago-IL-60628/4130824_zpid/ | Agent: Anthony Disano 312-788-4040 | 32 days on market | Opening offer $77,000 / MAO ceiling $87,422"
"10032 S Calumet Ave, Chicago, IL 60628","Sales Pipeline","Appointment Scheduled","265000","https://www.zillow.com/homedetails/10032-S-Calumet-Ave-Chicago-IL-60628/4133878_zpid/ | Agent: Jean Gareave 773-627-6243 | PRICE DROP $10000 | Zest $273600 | 67 days on market | Opening offer $168,500 / MAO ceiling $191,700"
"6603 S Oakley Ave, Chicago, IL 60636","Sales Pipeline","Appointment Scheduled","119700","https://www.zillow.com/homedetails/6603-S-Oakley-Ave-Chicago-IL-60636/3995028_zpid/ | Agent: Henry Jones 708-926-1591 | 12 days on market | Opening offer $73,500 / MAO ceiling $83,366"
"7403 S Dante Ave, Chicago, IL 60619","Sales Pipeline","Appointment Scheduled","159000","https://www.zillow.com/homedetails/7403-S-Dante-Ave-Chicago-IL-60619/4004128_zpid/ | Agent: Michael Olszewski 708-220-1791 | Zest $157600 | 12 days on market | Opening offer $100,500 / MAO ceiling $114,020"
"8153 S Stewart Ave, Chicago, IL 60620","Sales Pipeline","Appointment Scheduled","149900","https://www.zillow.com/homedetails/8153-S-Stewart-Ave-Chicago-IL-60620/4017233_zpid/ | Agent: Mariusz Misiewicz 773-412-0517 | Opening offer $94,000 / MAO ceiling $106,922"
"10210 S Prairie Ave, Chicago, IL 60628","Sales Pipeline","Appointment Scheduled","150000","https://www.zillow.com/homedetails/10210-S-Prairie-Ave-Chicago-IL-60628/4134198_zpid/ | Agent: Karmen Spears 708-466-9128 | 74 days on market | Opening offer $94,000 / MAO ceiling $107,000"
"317 E 134th St, Chicago, IL 60827","Sales Pipeline","Appointment Scheduled","170000","https://www.zillow.com/homedetails/317-E-134th-St-Chicago-IL-60827/4165826_zpid/ | Agent: Babajide Okechukwu 773-465-0300 | 53 days on market | Opening offer $108,000 / MAO ceiling $122,600"
"8252 S Marshfield Ave, Chicago, IL 60620","Sales Pipeline","Appointment Scheduled","174400","https://www.zillow.com/homedetails/8252-S-Marshfield-Ave-Chicago-IL-60620/4013310_zpid/ | Agent: Malwina Smosna 773-745-1000 | Zest $176900 | 13 days on market | Opening offer $111,000 / MAO ceiling $126,032"
"7700 S Lowe Ave, Chicago, IL 60620","Sales Pipeline","Appointment Scheduled","200000","https://www.zillow.com/homedetails/7700-S-Lowe-Ave-Chicago-IL-60620/4007184_zpid/ | Agent: Deven Echols 312-554-9131 | Zest $200100 | 82 days on market | Opening offer $124,000 / MAO ceiling $141,000"
"11401 S Morgan St, Chicago, IL 60643","Sales Pipeline","Appointment Scheduled","220000","https://www.zillow.com/homedetails/11401-S-Morgan-St-Chicago-IL-60643/4150762_zpid/ | Agent: Pamela Martin 773-264-6400 | 13 days on market | Opening offer $138,000 / MAO ceiling $156,600"
"7407 S May St, Chicago, IL 60621","Sales Pipeline","Appointment Scheduled","95595","https://www.zillow.com/homedetails/7407-S-May-St-Chicago-IL-60621/4008739_zpid/ | Agent: Aram Ghazaryan 847-312-1740 | 46 days on market | Opening offer $57,000 / MAO ceiling $64,564"
"10201 S Princeton Ave, Chicago, IL 60628","Sales Pipeline","Appointment Scheduled","125000","https://www.zillow.com/homedetails/10201-S-Princeton-Ave-Chicago-IL-60628/4132854_zpid/ | Agent: Andrew Taylor 312-939-5253 | Zest $124500 | 23 days on market | Opening offer $77,000 / MAO ceiling $87,500"
"4534 S Honore St, Chicago, IL 60609","Sales Pipeline","Appointment Scheduled","135900","https://www.zillow.com/homedetails/4534-S-Honore-St-Chicago-IL-60609/2066589566_zpid/ | Agent: Daisy Esparza 773-908-7927 | Opening offer $84,500 / MAO ceiling $96,002"
"5730 S Hoyne Ave, Chicago, IL 60636","Sales Pipeline","Appointment Scheduled","54998","https://www.zillow.com/homedetails/5730-S-Hoyne-Ave-Chicago-IL-60636/3993313_zpid/ | Agent: Sebastian Kupiec 773-430-8988 | PRICE DROP $9992 | 23 days on market | Opening offer $25,500 / MAO ceiling $28,898"
"7221 S Bennett Ave, Chicago, IL 60649","Sales Pipeline","Appointment Scheduled","238000","https://www.zillow.com/homedetails/7221-S-Bennett-Ave-Chicago-IL-60649/4001603_zpid/ | Agent: Otis Lazich 708-692-7283 | PRICE DROP $42000 | 47 days on market | Opening offer $150,000 / MAO ceiling $170,640"
"639 E 90th Pl, Chicago, IL 60619","Sales Pipeline","Appointment Scheduled","118000","https://www.zillow.com/homedetails/639-E-90th-Pl-Chicago-IL-60619/4116507_zpid/ | Agent: Dexter Harper 312-266-7000 | PRICE DROP $7000 | 48 days on market | Opening offer $72,000 / MAO ceiling $82,040"
"5936 Hillcrest St, Detroit, MI 48236","Sales Pipeline","Appointment Scheduled","169990","https://www.zillow.com/homedetails/5936-Hillcrest-St-Detroit-MI-48236/88333640_zpid/ | Agent: Maya Deno 586-554-6107 | PRICE DROP $10 | 38 days on market | Opening offer $108,000 / MAO ceiling $122,592"
"5226 Coplin St, Detroit, MI 48213","Sales Pipeline","Appointment Scheduled","14000","https://www.zillow.com/homedetails/5226-Coplin-St-Detroit-MI-48213/88699938_zpid/ | Agent: Tarick M Salmaci 313-333-0111 | PRICE DROP $9760 | 89 days on market | Opening offer $0 / MAO ceiling $0"
"11954 Hamburg St, Detroit, MI 48205","Sales Pipeline","Appointment Scheduled","145000","https://www.zillow.com/homedetails/11954-Hamburg-St-Detroit-MI-48205/88624873_zpid/ | 3 days on market | Opening offer $90,500 / MAO ceiling $103,100"
"13150 Glenfield St, Detroit, MI 48213","Sales Pipeline","Appointment Scheduled","59000","https://www.zillow.com/homedetails/13150-Glenfield-St-Detroit-MI-48213/88669188_zpid/ | Agent: Derek C Lievens 586-251-0291 | PRICE DROP $300 | 3 days on market | Opening offer $29,000 / MAO ceiling $32,820"
"9755 Nardin Dr, Detroit, MI 48204","Sales Pipeline","Appointment Scheduled","83900","https://www.zillow.com/homedetails/9755-Nardin-Dr-Detroit-MI-48204/88355180_zpid/ | Agent: Mark Poloney 248-375-4000 | PRICE DROP $1000 | 5 days on market | Opening offer $49,000 / MAO ceiling $55,442"
"19452 Troy Pl, Detroit, MI 48203","Sales Pipeline","Appointment Scheduled","129900","https://www.zillow.com/homedetails/19452-Troy-Pl-Detroit-MI-48203/220159154_zpid/ | Agent: Sam Hantosh 313-561-0900 | 9 days on market | Opening offer $80,500 / MAO ceiling $91,322"
"204 Philip St, Detroit, MI 48215","Sales Pipeline","Appointment Scheduled","129000","https://www.zillow.com/homedetails/204-Philip-St-Detroit-MI-48215/88764138_zpid/ | Agent: Kimberly Young 248-318-5950 | Zest $128300 | 2 days on market | Opening offer $79,500 / MAO ceiling $90,620"
"19189 Appleton St, Detroit, MI 48219","Sales Pipeline","Appointment Scheduled","104000","https://www.zillow.com/homedetails/19189-Appleton-St-Detroit-MI-48219/88089956_zpid/ | Agent: Anthony Edmonson 248-953-0505 | PRICE DROP $13000 | Zest $122000 | 12 days on market | Opening offer $62,500 / MAO ceiling $71,120"
"1246 Junction St, Detroit, MI 48209","Sales Pipeline","Appointment Scheduled","99500","https://www.zillow.com/homedetails/1246-Junction-St-Detroit-MI-48209/88234766_zpid/ | Agent: Justin Gerke 734-244-5605 | PRICE DROP $5500 | 13 days on market | Opening offer $59,500 / MAO ceiling $67,610"
"16155 Trinity St, Detroit, MI 48219","Sales Pipeline","Appointment Scheduled","80000","https://www.zillow.com/homedetails/16155-Trinity-St-Detroit-MI-48219/88591710_zpid/ | Agent: Derek C Lievens 586-251-0291 | 66 days on market | Opening offer $46,000 / MAO ceiling $52,400"
"8247 Auburn St, Detroit, MI 48228","Sales Pipeline","Appointment Scheduled","48500","https://www.zillow.com/homedetails/8247-Auburn-St-Detroit-MI-48228/88342439_zpid/ | Agent: Adrienne Ponce 888-501-7085 | 4 days on market | Opening offer $20,000 / MAO ceiling $22,530"
"14281 Camden St, Detroit, MI 48213","Sales Pipeline","Appointment Scheduled","39900","https://www.zillow.com/homedetails/14281-Camden-St-Detroit-MI-48213/88265679_zpid/ | Agent: Erica Coleman 313-587-6133 | 2 days on market | Opening offer $12,500 / MAO ceiling $14,102"
"10799 Worden St, Detroit, MI 48224","Sales Pipeline","Appointment Scheduled","89000","https://www.zillow.com/homedetails/10799-Worden-St-Detroit-MI-48224/88158142_zpid/ | Agent: Sam Berri 248-255-9114 | PRICE DROP $3000 | 59 days on market | Opening offer $52,500 / MAO ceiling $59,420"
"14035 Kentfield St, Detroit, MI 48223","Sales Pipeline","Appointment Scheduled","26500","https://www.zillow.com/homedetails/14035-Kentfield-St-Detroit-MI-48223/88404652_zpid/ | Agent: Rodney Q Love 248-474-3303 | 68 days on market | Opening offer $1,000 / MAO ceiling $970"
"2223 Gray St, Detroit, MI 48215","Sales Pipeline","Appointment Scheduled","39000","https://www.zillow.com/homedetails/2223-Gray-St-Detroit-MI-48215/88543616_zpid/ | Agent: Nazareth Sanchez 313-728-6853 | PRICE DROP $10000 | 2 days on market | Opening offer $11,500 / MAO ceiling $13,220"
"7839 Clayburn St, Detroit, MI 48228","Sales Pipeline","Appointment Scheduled","54500","https://www.zillow.com/homedetails/7839-Clayburn-St-Detroit-MI-48228/88608122_zpid/ | Agent: Charles Campbell 561-632-9673 | PRICE DROP $5000 | 28 days on market | Opening offer $25,000 / MAO ceiling $28,410"
"9824 Philip St, Detroit, MI 48224","Sales Pipeline","Appointment Scheduled","57000","https://www.zillow.com/homedetails/9824-Philip-St-Detroit-MI-48224/88760236_zpid/ | Agent: Cameron Porter 248-819-2185 | Zest $54200 | 4 days on market | Opening offer $27,000 / MAO ceiling $30,860"
"17556 Riopelle St, Detroit, MI 48203","Sales Pipeline","Appointment Scheduled","18000","https://www.zillow.com/homedetails/17556-Riopelle-St-Detroit-MI-48203/88139990_zpid/ | Agent: Keelie Thomas 810-333-2732 | 34 days on market | Opening offer $0 / MAO ceiling $0"
"12717 Indiana St, Detroit, MI 48238","Sales Pipeline","Appointment Scheduled","21400","https://www.zillow.com/homedetails/12717-Indiana-St-Detroit-MI-48238/88653045_zpid/ | Agent: Mark Poloney 248-375-4000 | PRICE DROP $1000 | 19 days on market | Opening offer $0 / MAO ceiling $0"
"19261 Mitchell St, Detroit, MI 48234","Sales Pipeline","Appointment Scheduled","75000","https://www.zillow.com/homedetails/19261-Mitchell-St-Detroit-MI-48234/88633090_zpid/ | Agent: Ashley Walker 248-729-0011 | PRICE DROP $5000 | 64 days on market | Opening offer $42,500 / MAO ceiling $48,500"
"12667 Blackstone St, Detroit, MI 48223","Sales Pipeline","Appointment Scheduled","65000","https://www.zillow.com/homedetails/12667-Blackstone-St-Detroit-MI-48223/88324515_zpid/ | Agent: Derek C Lievens 586-251-0291 | 34 days on market | Opening offer $34,000 / MAO ceiling $38,700"
"18085 Warrington Dr, Detroit, MI 48221","Sales Pipeline","Appointment Scheduled","219900","https://www.zillow.com/homedetails/18085-Warrington-Dr-Detroit-MI-48221/88395938_zpid/ | Agent: Sam Hantosh 313-561-0900 | 6 days on market | Opening offer $137,500 / MAO ceiling $156,522"
"3788 Taylor St, Detroit, MI 48206","Sales Pipeline","Appointment Scheduled","36000","https://www.zillow.com/homedetails/3788-Taylor-St-Detroit-MI-48206/88209471_zpid/ | Agent: Lenae Jefferson 888-501-7085 | 37 days on market | Opening offer $9,000 / MAO ceiling $10,280"
"19338 Teppert St, Detroit, MI 48234","Sales Pipeline","Appointment Scheduled","57000","https://www.zillow.com/homedetails/19338-Teppert-St-Detroit-MI-48234/88092092_zpid/ | Agent: Edwin Vento 786-655-2761 | 24 days on market | Opening offer $27,000 / MAO ceiling $30,860"
"7743 E Canfield St, Detroit, MI 48214","Sales Pipeline","Appointment Scheduled","89900","https://www.zillow.com/homedetails/7743-E-Canfield-St-Detroit-MI-48214/88411288_zpid/ | Agent: John Graham 586-944-5646 | 21 days on market | Opening offer $53,000 / MAO ceiling $60,122"
"3476 Audubon Rd, Detroit, MI 48224","Sales Pipeline","Appointment Scheduled","274900","https://www.zillow.com/homedetails/3476-Audubon-Rd-Detroit-MI-48224/88090666_zpid/ | Agent: Renzo Delzo 855-639-3720 | 9 days on market | Opening offer $175,500 / MAO ceiling $199,422"
"17360 Greenlawn St, Detroit, MI 48221","Sales Pipeline","Appointment Scheduled","200000","https://www.zillow.com/homedetails/17360-Greenlawn-St-Detroit-MI-48221/88352330_zpid/ | Agent: Jacob Farrelly 248-210-0646 | Zest $233800 | 4 days on market | Opening offer $124,000 / MAO ceiling $141,000"
"15801 E State Fair St, Detroit, MI 48205","Sales Pipeline","Appointment Scheduled","32000","https://www.zillow.com/homedetails/15801-E-State-Fair-St-Detroit-MI-48205/88067032_zpid/ | Agent: Zena Berri 248-790-6866 | 10 days on market | Opening offer $5,500 / MAO ceiling $6,360"
"18281 Lancashire St, Detroit, MI 48223","Sales Pipeline","Appointment Scheduled","200000","https://www.zillow.com/homedetails/18281-Lancashire-St-Detroit-MI-48223/88316360_zpid/ | Agent: Danielle S Dunham 248-885-0428 | Zest $210300 | 2 days on market | Opening offer $124,000 / MAO ceiling $141,000"
"6526 Heyden St, Detroit, MI 48228","Sales Pipeline","Appointment Scheduled","105000","https://www.zillow.com/homedetails/6526-Heyden-St-Detroit-MI-48228/88481387_zpid/ | Agent: Lawrence Else 313-315-3215 | Zest $93100 | 5 days on market | Opening offer $63,500 / MAO ceiling $71,900"
"1061 Lansing St, Detroit, MI 48209","Sales Pipeline","Appointment Scheduled","75000","https://www.zillow.com/homedetails/1061-Lansing-St-Detroit-MI-48209/88745389_zpid/ | Agent: Amy Dunlap 248-798-0517 | 4 days on market | Opening offer $42,500 / MAO ceiling $48,500"
"16779 Greenview Ave, Detroit, MI 48219","Sales Pipeline","Appointment Scheduled","255000","https://www.zillow.com/homedetails/16779-Greenview-Ave-Detroit-MI-48219/88429171_zpid/ | Agent: Geraldine D James 248-722-5086 | Zest $251200 | 9 days on market | Opening offer $162,000 / MAO ceiling $183,900"
"20495 Mendota St, Detroit, MI 48221","Sales Pipeline","Appointment Scheduled","125000","https://www.zillow.com/homedetails/20495-Mendota-St-Detroit-MI-48221/88362460_zpid/ | Agent: Claudia Rosales Salvatori 510-472-4630 | Zest $71800 | 1 days on market | Opening offer $77,000 / MAO ceiling $87,500"
"19300 Berg Rd, Detroit, MI 48219","Sales Pipeline","Appointment Scheduled","49000","https://www.zillow.com/homedetails/19300-Berg-Rd-Detroit-MI-48219/88252509_zpid/ | Agent: Jay Alhashemy 248-833-0078 | PRICE DROP $21000 | 65 days on market | Opening offer $20,500 / MAO ceiling $23,020"
"19187 Gainsborough Rd, Detroit, MI 48223","Sales Pipeline","Appointment Scheduled","159900","https://www.zillow.com/homedetails/19187-Gainsborough-Rd-Detroit-MI-48223/88715405_zpid/ | Agent: Roudtha Amine 248-422-6962 | -12 days on market | Opening offer $101,000 / MAO ceiling $114,722"
"18985 Monica St, Detroit, MI 48221","Sales Pipeline","Appointment Scheduled","65000","https://www.zillow.com/homedetails/18985-Monica-St-Detroit-MI-48221/88343417_zpid/ | Agent: Grace Darfour 248-759-3105 | Zest $128000 | 2 days on market | Opening offer $34,000 / MAO ceiling $38,700"
"19989 Coventry St, Highland Park, MI 48203","Sales Pipeline","Appointment Scheduled","34999","https://www.zillow.com/homedetails/19989-Coventry-St-Highland-Park-MI-48203/88686667_zpid/ | Agent: Minhaz A Laskar 313-288-5884 | 26 days on market | Opening offer $8,000 / MAO ceiling $9,299"
"1333 Seward St, Detroit, MI 48202","Sales Pipeline","Appointment Scheduled","149900","https://www.zillow.com/homedetails/1333-Seward-St-Detroit-MI-48202/88358070_zpid/ | Agent: Ahmed Arafa 586-215-1208 | PRICE DROP $15000 | Zest $158900 | 60 days on market | Opening offer $94,000 / MAO ceiling $106,922"
"6444 Ashton Ave, Detroit, MI 48228","Sales Pipeline","Appointment Scheduled","45000","https://www.zillow.com/homedetails/6444-Ashton-Ave-Detroit-MI-48228/88129306_zpid/ | Agent: Andreina Mendoza-Herrera 313-437-2929 | PRICE DROP $5000 | 16 days on market | Opening offer $17,000 / MAO ceiling $19,100"
"6324 Annland St, Detroit, MI 48204","Sales Pipeline","Appointment Scheduled","30000","https://www.zillow.com/homedetails/6324-Annland-St-Detroit-MI-48204/88405492_zpid/ | Agent: Fadie T Ghallozi 313-274-1700 | Zest $79100 | 3 days on market | Opening offer $4,000 / MAO ceiling $4,400"
"7267 Mettetal St, Detroit, MI 48228","Sales Pipeline","Appointment Scheduled","99899","https://www.zillow.com/homedetails/7267-Mettetal-St-Detroit-MI-48228/88151116_zpid/ | Agent: Nadia Kassim 586-668-3106 | Zest $78400 | 1 days on market | Opening offer $60,000 / MAO ceiling $67,921"
"3677 Theodore St, Detroit, MI 48211","Sales Pipeline","Appointment Scheduled","120000","https://www.zillow.com/homedetails/3677-Theodore-St-Detroit-MI-48211/88162616_zpid/ | Agent: Antisha McClendon 586-229-4505 | Zest $119700 | 1 days on market | Opening offer $73,500 / MAO ceiling $83,600"
"17160 Northlawn St, Detroit, MI 48221","Sales Pipeline","Appointment Scheduled","189000","https://www.zillow.com/homedetails/17160-Northlawn-St-Detroit-MI-48221/88426413_zpid/ | Agent: Najah Fawaz 248-225-3390 | Zest $187900 | 42 days on market | Opening offer $121,000 / MAO ceiling $137,420"
"1152 Vinewood St, Detroit, MI 48216","Sales Pipeline","Appointment Scheduled","159000","https://www.zillow.com/homedetails/1152-Vinewood-St-Detroit-MI-48216/88691854_zpid/ | Agent: Alex Lauer 313-974-1830 | 23 days on market | Opening offer $100,500 / MAO ceiling $114,020"
"11369 Warwick St, Detroit, MI 48228","Sales Pipeline","Appointment Scheduled","72500","https://www.zillow.com/homedetails/11369-Warwick-St-Detroit-MI-48228/88474882_zpid/ | Agent: Mark Hutter 734-838-9197 | 82 days on market | Opening offer $40,500 / MAO ceiling $46,050"
"11632 Laing St, Detroit, MI 48224","Sales Pipeline","Appointment Scheduled","110000","https://www.zillow.com/homedetails/11632-Laing-St-Detroit-MI-48224/88135496_zpid/ | Agent: Kevin Griffin 313-521-6666 | 23 days on market | Opening offer $66,500 / MAO ceiling $75,800"
"8643 Faust Ave, Detroit, MI 48228","Sales Pipeline","Appointment Scheduled","40000","https://www.zillow.com/homedetails/8643-Faust-Ave-Detroit-MI-48228/88560971_zpid/ | 21 days on market | Opening offer $12,500 / MAO ceiling $14,200"
"12278 Longview St, Detroit, MI 48213","Sales Pipeline","Appointment Scheduled","47000","https://www.zillow.com/homedetails/12278-Longview-St-Detroit-MI-48213/88183692_zpid/ | Agent: Jonathan Minerick 888-400-2513 | PRICE DROP $8000 | 67 days on market | Opening offer $18,500 / MAO ceiling $21,060"
"12519 Laing St, Grosse Pointe, MI 48224","Sales Pipeline","Appointment Scheduled","65000","https://www.zillow.com/homedetails/12519-Laing-St-Grosse-Pointe-MI-48224/88453136_zpid/ | Agent: Mark Hutter 734-838-9197 | Zest $43100 | 4 days on market | Opening offer $34,000 / MAO ceiling $38,700"
"10449 Sterritt St, Detroit, MI 48213","Sales Pipeline","Appointment Scheduled","24000","https://www.zillow.com/homedetails/10449-Sterritt-St-Detroit-MI-48213/88744723_zpid/ | Agent: Mikhail Grigoryan 313-888-6060 | 12 days on market | Opening offer $0 / MAO ceiling $0"
"3610 Haverhill St, Detroit, MI 48224","Sales Pipeline","Appointment Scheduled","75000","https://www.zillow.com/homedetails/3610-Haverhill-St-Detroit-MI-48224/88248353_zpid/ | Agent: Tracey Leonard 586-530-4069 | PRICE DROP $25000 | 62 days on market | Opening offer $42,500 / MAO ceiling $48,500"
"17142 Pembroke Ave, Detroit, MI 48235","Sales Pipeline","Appointment Scheduled","85000","https://www.zillow.com/homedetails/17142-Pembroke-Ave-Detroit-MI-48235/88206084_zpid/ | Agent: Anthony Djon 248-747-4834 | 12 days on market | Opening offer $49,500 / MAO ceiling $56,300"
"18402 Revere St, Detroit, MI 48234","Sales Pipeline","Appointment Scheduled","69000","https://www.zillow.com/homedetails/18402-Revere-St-Detroit-MI-48234/88746939_zpid/ | Agent: Adrienne Rogers 313-732-5857 | PRICE DROP $900 | 36 days on market | Opening offer $37,500 / MAO ceiling $42,620"
"11783 Kenmoor St, Detroit, MI 48205","Sales Pipeline","Appointment Scheduled","60000","https://www.zillow.com/homedetails/11783-Kenmoor-St-Detroit-MI-48205/88067700_zpid/ | Agent: Erica Coleman 313-587-6133 | PRICE DROP $9900 | 66 days on market | Opening offer $29,500 / MAO ceiling $33,800"
"7638 Stahelin Ave, Detroit, MI 48228","Sales Pipeline","Appointment Scheduled","120000","https://www.zillow.com/homedetails/7638-Stahelin-Ave-Detroit-MI-48228/88714389_zpid/ | Agent: James T Silver 248-530-7292 | PRICE DROP $5000 | 44 days on market | Opening offer $73,500 / MAO ceiling $83,600"
"5540 Guilford St, Detroit, MI 48224","Sales Pipeline","Appointment Scheduled","62000","https://www.zillow.com/homedetails/5540-Guilford-St-Detroit-MI-48224/88534694_zpid/ | Agent: Charles Campbell 561-632-9673 | 43 days on market | Opening offer $31,500 / MAO ceiling $35,760"
"3859 Manistique St, Detroit, MI 48215","Sales Pipeline","Appointment Scheduled","9000","https://www.zillow.com/homedetails/3859-Manistique-St-Detroit-MI-48215/88291591_zpid/ | Agent: Scott Fader 888-227-1009 | PRICE DROP $10000 | 55 days on market | Opening offer $0 / MAO ceiling $0"
"15003 Manor St, Detroit, MI 48238","Sales Pipeline","Appointment Scheduled","100000","https://www.zillow.com/homedetails/15003-Manor-St-Detroit-MI-48238/88561876_zpid/ | Agent: Adrian Quinlan 248-385-3350 | 23 days on market | Opening offer $60,000 / MAO ceiling $68,000"
"11643 Yosemite St, Detroit, MI 48204","Sales Pipeline","Appointment Scheduled","74900","https://www.zillow.com/homedetails/11643-Yosemite-St-Detroit-MI-48204/88281301_zpid/ | Agent: Greg Majewski 248-564-1972 | 31 days on market | Opening offer $42,500 / MAO ceiling $48,402"
"14593 Wisconsin St, Detroit, MI 48238","Sales Pipeline","Appointment Scheduled","67900","https://www.zillow.com/homedetails/14593-Wisconsin-St-Detroit-MI-48238/88246168_zpid/ | Agent: Greg Majewski 248-564-1972 | PRICE DROP $1000 | 27 days on market | Opening offer $36,500 / MAO ceiling $41,542"
"15862 Stansbury St, Detroit, MI 48227","Sales Pipeline","Appointment Scheduled","95000","https://www.zillow.com/homedetails/15862-Stansbury-St-Detroit-MI-48227/88335137_zpid/ | Agent: Heather Dell 248-464-1116 | Zest $91700 | 25 days on market | Opening offer $56,500 / MAO ceiling $64,100"
"18433 Norwood St, Detroit, MI 48234","Sales Pipeline","Appointment Scheduled","60000","https://www.zillow.com/homedetails/18433-Norwood-St-Detroit-MI-48234/88766470_zpid/ | Agent: Francys Ramirez 313-241-6280 | 39 days on market | Opening offer $29,500 / MAO ceiling $33,800"
"15779 Wabash St, Detroit, MI 48238","Sales Pipeline","Appointment Scheduled","50000","https://www.zillow.com/homedetails/15779-Wabash-St-Detroit-MI-48238/88408331_zpid/ | Agent: Linda J Williams 313-784-6275 | 57 days on market | Opening offer $21,000 / MAO ceiling $24,000"
"12828 Strathmoor St, Detroit, MI 48227","Sales Pipeline","Appointment Scheduled","20000","https://www.zillow.com/homedetails/12828-Strathmoor-St-Detroit-MI-48227/88177394_zpid/ | Agent: S. Toni Jennings 313-506-7711 | PRICE DROP $20000 | 60 days on market | Opening offer $0 / MAO ceiling $0"
"11391 Saint Marys St, Detroit, MI 48227","Sales Pipeline","Appointment Scheduled","85000","https://www.zillow.com/homedetails/11391-Saint-Marys-St-Detroit-MI-48227/88504659_zpid/ | Agent: Anthony Djon 248-747-4834 | 12 days on market | Opening offer $49,500 / MAO ceiling $56,300"
"11825 Rosemary St N, Detroit, MI 48213","Sales Pipeline","Appointment Scheduled","95000","https://www.zillow.com/homedetails/11825-Rosemary-St-N-Detroit-MI-48213/462624085_zpid/ | Agent: Kelly Knight 734-634-6101 | 27 days on market | Opening offer $56,500 / MAO ceiling $64,100"
"19353 Runyon St, Detroit, MI 48234","Sales Pipeline","Appointment Scheduled","40000","https://www.zillow.com/homedetails/19353-Runyon-St-Detroit-MI-48234/88576040_zpid/ | Agent: Branson M Williams 586-541-4000 | 39 days on market | Opening offer $12,500 / MAO ceiling $14,200"
"9821 McQuade St, Detroit, MI 48206","Sales Pipeline","Appointment Scheduled","24900","https://www.zillow.com/homedetails/9821-McQuade-St-Detroit-MI-48206/88484760_zpid/ | Agent: Kita Montgomery 888-501-7085 | PRICE DROP $5000 | 47 days on market | Opening offer $0 / MAO ceiling $0"
"19614 Charest St, Detroit, MI 48234","Sales Pipeline","Appointment Scheduled","17450","https://www.zillow.com/homedetails/19614-Charest-St-Detroit-MI-48234/88744735_zpid/ | Agent: Anthony Vitale 586-726-4600 | 41 days on market | Opening offer $0 / MAO ceiling $0"
"20185 Indiana St, Detroit, MI 48221","Sales Pipeline","Appointment Scheduled","74900","https://www.zillow.com/homedetails/20185-Indiana-St-Detroit-MI-48221/88214573_zpid/ | Agent: Anthony R Raffin 586-773-4400 | 14 days on market | Opening offer $42,500 / MAO ceiling $48,402"
"9925 Bishop St, Detroit, MI 48224","Sales Pipeline","Appointment Scheduled","75000","https://www.zillow.com/homedetails/9925-Bishop-St-Detroit-MI-48224/88423685_zpid/ | Agent: Sam Hantosh 313-561-0900 | 81 days on market | Opening offer $42,500 / MAO ceiling $48,500"
"18819 Moross Rd, Detroit, MI 48224","Sales Pipeline","Appointment Scheduled","20000","https://www.zillow.com/homedetails/18819-Moross-Rd-Detroit-MI-48224/88730764_zpid/ | Agent: TJ Brisbois 734-237-9974 | PRICE DROP $3000 | 36 days on market | Opening offer $0 / MAO ceiling $0"
"16569 Woodbine St, Detroit, MI 48219","Sales Pipeline","Appointment Scheduled","71000","https://www.zillow.com/homedetails/16569-Woodbine-St-Detroit-MI-48219/88088682_zpid/ | Agent: Scott Fader 888-227-1009 | PRICE DROP $3000 | 31 days on market | Opening offer $39,000 / MAO ceiling $44,580"
"6036 Central St, Detroit, MI 48210","Sales Pipeline","Appointment Scheduled","110000","https://www.zillow.com/homedetails/6036-Central-St-Detroit-MI-48210/88122577_zpid/ | Agent: Regina M Sanchez 313-333-7971 | Zest $104000 | 54 days on market | Opening offer $66,500 / MAO ceiling $75,800"
"14711 Lappin St, Detroit, MI 48205","Sales Pipeline","Appointment Scheduled","9900","https://www.zillow.com/homedetails/14711-Lappin-St-Detroit-MI-48205/88416074_zpid/ | Agent: William Reid 248-635-1489 | 89 days on market | Opening offer $0 / MAO ceiling $0"
"9394 Sorrento St, Detroit, MI 48228","Sales Pipeline","Appointment Scheduled","72000","https://www.zillow.com/homedetails/9394-Sorrento-St-Detroit-MI-48228/88191380_zpid/ | Agent: Mark Hutter 734-838-9197 | 38 days on market | Opening offer $40,000 / MAO ceiling $45,560"
"12145 Stout St, Detroit, MI 48228","Sales Pipeline","Appointment Scheduled","69000","https://www.zillow.com/homedetails/12145-Stout-St-Detroit-MI-48228/88164275_zpid/ | Agent: Mark Hutter 734-838-9197 | 38 days on market | Opening offer $37,500 / MAO ceiling $42,620"
"21530 W Davison St, Detroit, MI 48223","Sales Pipeline","Appointment Scheduled","49900","https://www.zillow.com/homedetails/21530-W-Davison-St-Detroit-MI-48223/88351187_zpid/ | Agent: Mark Hutter 734-838-9197 | 50 days on market | Opening offer $21,000 / MAO ceiling $23,902"
"14176 Houston Whittier St, Detroit, MI 48205","Sales Pipeline","Appointment Scheduled","20000","https://www.zillow.com/homedetails/14176-Houston-Whittier-St-Detroit-MI-48205/88647791_zpid/ | Agent: Keelie Thomas 810-333-2732 | 34 days on market | Opening offer $0 / MAO ceiling $0"
"16503 Wisconsin St, Detroit, MI 48221","Sales Pipeline","Appointment Scheduled","170000","https://www.zillow.com/homedetails/16503-Wisconsin-St-Detroit-MI-48221/88169622_zpid/ | Agent: JoAnn Johnson 248-723-0055 | Zest $165800 | 38 days on market | Opening offer $108,000 / MAO ceiling $122,600"
"19816 Harlow St, Detroit, MI 48235","Sales Pipeline","Appointment Scheduled","75000","https://www.zillow.com/homedetails/19816-Harlow-St-Detroit-MI-48235/88356634_zpid/ | Agent: Anthony Djon 248-747-4834 | 12 days on market | Opening offer $42,500 / MAO ceiling $48,500"
"19447 Sunset St, Detroit, MI 48234","Sales Pipeline","Appointment Scheduled","64900","https://www.zillow.com/homedetails/19447-Sunset-St-Detroit-MI-48234/88136154_zpid/ | Agent: Andre Abney 313-485-7908 | PRICE DROP $4100 | 19 days on market | Opening offer $34,000 / MAO ceiling $38,602"
"12140 Wayburn St, Detroit, MI 48224","Sales Pipeline","Appointment Scheduled","47900","https://www.zillow.com/homedetails/12140-Wayburn-St-Detroit-MI-48224/88763329_zpid/ | Agent: Kristian Freiwald 313-626-5996 | PRICE DROP $2000 | 52 days on market | Opening offer $19,500 / MAO ceiling $21,942"
"20008 Spencer St, Detroit, MI 48234","Sales Pipeline","Appointment Scheduled","69000","https://www.zillow.com/homedetails/20008-Spencer-St-Detroit-MI-48234/88703269_zpid/ | Agent: Heather Dell 248-464-1116 | 81 days on market | Opening offer $37,500 / MAO ceiling $42,620"
"18200 Fielding St, Detroit, MI 48219","Sales Pipeline","Appointment Scheduled","79999","https://www.zillow.com/homedetails/18200-Fielding-St-Detroit-MI-48219/88112651_zpid/ | Agent: Lashawn Peterson 888-501-7085 | 12 days on market | Opening offer $46,000 / MAO ceiling $52,399"
"5093 Garland St, Detroit, MI 48213","Sales Pipeline","Appointment Scheduled","55000","https://www.zillow.com/homedetails/5093-Garland-St-Detroit-MI-48213/88763076_zpid/ | Agent: Shoaib Alshuja 313-228-5710 | 27 days on market | Opening offer $25,500 / MAO ceiling $28,900"
"20145 Omira Ave, Detroit, MI 48203","Sales Pipeline","Appointment Scheduled","12000","https://www.zillow.com/homedetails/20145-Omira-Ave-Detroit-MI-48203/88329665_zpid/ | Agent: Keelie Thomas 810-333-2732 | PRICE DROP $3000 | 33 days on market | Opening offer $0 / MAO ceiling $0"
"18950 Blackmoor St, Detroit, MI 48234","Sales Pipeline","Appointment Scheduled","77500","https://www.zillow.com/homedetails/18950-Blackmoor-St-Detroit-MI-48234/88715318_zpid/ | Agent: Mark Hutter 734-838-9197 | 39 days on market | Opening offer $44,500 / MAO ceiling $50,450"
"12346 Elmdale St, Detroit, MI 48213","Sales Pipeline","Appointment Scheduled","84200","https://www.zillow.com/homedetails/12346-Elmdale-St-Detroit-MI-48213/88455345_zpid/ | Agent: Lori A Brown 678-830-2332 | 60 days on market | Opening offer $49,000 / MAO ceiling $55,676"
"15864 Tracey St, Detroit, MI 48227","Sales Pipeline","Appointment Scheduled","74900","https://www.zillow.com/homedetails/15864-Tracey-St-Detroit-MI-48227/88727581_zpid/ | Agent: Derek C Lievens 586-251-0291 | 38 days on market | Opening offer $42,500 / MAO ceiling $48,402"
"5250 Alter Rd, Detroit, MI 48224","Sales Pipeline","Appointment Scheduled","84000","https://www.zillow.com/homedetails/5250-Alter-Rd-Detroit-MI-48224/88522891_zpid/ | Agent: Jessica Crossland 734-626-0478 | PRICE DROP $1000 | 48 days on market | Opening offer $49,000 / MAO ceiling $55,520"
"13161 Monica St, Detroit, MI 48238","Sales Pipeline","Appointment Scheduled","107500","https://www.zillow.com/homedetails/13161-Monica-St-Detroit-MI-48238/88350677_zpid/ | Agent: Brandon Woodbeck 248-302-7936 | Zest $107100 | 10 days on market | Opening offer $65,000 / MAO ceiling $73,850"
"16500 Eastburn St, Detroit, MI 48205","Sales Pipeline","Appointment Scheduled","75000","https://www.zillow.com/homedetails/16500-Eastburn-St-Detroit-MI-48205/88520052_zpid/ | Agent: Sam Berri 248-255-9114 | PRICE DROP $4000 | 88 days on market | Opening offer $42,500 / MAO ceiling $48,500"
"15469 Wildemere St, Detroit, MI 48238","Sales Pipeline","Appointment Scheduled","11000","https://www.zillow.com/homedetails/15469-Wildemere-St-Detroit-MI-48238/88093948_zpid/ | Agent: Keelie Thomas 810-333-2732 | 34 days on market | Opening offer $0 / MAO ceiling $0"
"19760 Rowe St, Detroit, MI 48205","Sales Pipeline","Appointment Scheduled","24900","https://www.zillow.com/homedetails/19760-Rowe-St-Detroit-MI-48205/88406428_zpid/ | Agent: Dean Gozowsky 248-380-8800 | PRICE DROP $5000 | 34 days on market | Opening offer $0 / MAO ceiling $0"
"20315 Goulburn St, Detroit, MI 48205","Sales Pipeline","Appointment Scheduled","49999","https://www.zillow.com/homedetails/20315-Goulburn-St-Detroit-MI-48205/88516768_zpid/ | Agent: Xiaochen Chen 248-813-4900 | 37 days on market | Opening offer $21,000 / MAO ceiling $23,999"
"18710 McCormick St, Detroit, MI 48224","Sales Pipeline","Appointment Scheduled","63000","https://www.zillow.com/homedetails/18710-McCormick-St-Detroit-MI-48224/88310413_zpid/ | Agent: Erick Monzo 586-210-3350 | 41 days on market | Opening offer $32,500 / MAO ceiling $36,740"
"3338 Taylor St, Detroit, MI 48206","Sales Pipeline","Appointment Scheduled","35000","https://www.zillow.com/homedetails/3338-Taylor-St-Detroit-MI-48206/88532169_zpid/ | Agent: Kim Page 313-877-9020 | PRICE DROP $10000 | 84 days on market | Opening offer $8,000 / MAO ceiling $9,300"
"3260 Pasadena St, Detroit, MI 48238","Sales Pipeline","Appointment Scheduled","137750","https://www.zillow.com/homedetails/3260-Pasadena-St-Detroit-MI-48238/88773007_zpid/ | Agent: Michael Perna 248-886-4450 | Zest $137000 | 40 days on market | Opening offer $86,000 / MAO ceiling $97,445"
"14303 Rosemary St, Detroit, MI 48213","Sales Pipeline","Appointment Scheduled","62000","https://www.zillow.com/homedetails/14303-Rosemary-St-Detroit-MI-48213/88534786_zpid/ | Agent: Franco Moncada 248-647-3200 | PRICE DROP $6000 | 83 days on market | Opening offer $31,500 / MAO ceiling $35,760"
"20017 Hawthorne St, Detroit, MI 48203","Sales Pipeline","Appointment Scheduled","27500","https://www.zillow.com/homedetails/20017-Hawthorne-St-Detroit-MI-48203/88412080_zpid/ | Agent: Joshua Rutkowski 248-804-9389 | 30 days on market | Opening offer $1,500 / MAO ceiling $1,950"
"10471 Nottingham Rd, Detroit, MI 48224","Sales Pipeline","Appointment Scheduled","44500","https://www.zillow.com/homedetails/10471-Nottingham-Rd-Detroit-MI-48224/88773903_zpid/ | Agent: Frank Mancuso III 586-419-3174 | PRICE DROP $5000 | 32 days on market | Opening offer $16,500 / MAO ceiling $18,610"
"16241 E State Fair St, Detroit, MI 48205","Sales Pipeline","Appointment Scheduled","88500","https://www.zillow.com/homedetails/16241-E-State-Fair-St-Detroit-MI-48205/88199112_zpid/ | Agent: Marketta Davis 313-659-6260 | Zest $86100 | 55 days on market | Opening offer $52,000 / MAO ceiling $59,030"
"16828 W Chicago St, Detroit, MI 48228","Sales Pipeline","Appointment Scheduled","55000","https://www.zillow.com/homedetails/16828-W-Chicago-St-Detroit-MI-48228/88311587_zpid/ | Agent: Ejaz Ahmed 734-895-9500 | PRICE DROP $2000 | 79 days on market | Opening offer $25,500 / MAO ceiling $28,900"
"13350 Tacoma St, Detroit, MI 48205","Sales Pipeline","Appointment Scheduled","55000","https://www.zillow.com/homedetails/13350-Tacoma-St-Detroit-MI-48205/88108601_zpid/ | Agent: Michelle Small 734-223-9642 | 49 days on market | Opening offer $25,500 / MAO ceiling $28,900"
"4827 Gray St, Detroit, MI 48215","Sales Pipeline","Appointment Scheduled","102000","https://www.zillow.com/homedetails/4827-Gray-St-Detroit-MI-48215/88504992_zpid/ | Agent: Nazareth Sanchez 313-728-6853 | Zest $98500 | 21 days on market | Opening offer $61,000 / MAO ceiling $69,560"
"19228 Beland St, Detroit, MI 48234","Sales Pipeline","Appointment Scheduled","44000","https://www.zillow.com/homedetails/19228-Beland-St-Detroit-MI-48234/88405047_zpid/ | Agent: Shane Parker 734-333-7219 | PRICE DROP $6000 | 53 days on market | Opening offer $16,000 / MAO ceiling $18,120"
"1991 Lawrence St, Detroit, MI 48206","Sales Pipeline","Appointment Scheduled","140000","https://www.zillow.com/homedetails/1991-Lawrence-St-Detroit-MI-48206/88404086_zpid/ | Agent: Tamara Vinson 248-943-3635 | 12 days on market | Opening offer $87,500 / MAO ceiling $99,200"
"17694 Avon Ave, Detroit, MI 48219","Sales Pipeline","Appointment Scheduled","138500","https://www.zillow.com/homedetails/17694-Avon-Ave-Detroit-MI-48219/88681858_zpid/ | Agent: LaCretia Baldwin 313-397-7353 | Zest $138000 | 38 days on market | Opening offer $86,500 / MAO ceiling $98,030"
"7720 E Canfield St, Detroit, MI 48214","Sales Pipeline","Appointment Scheduled","142500","https://www.zillow.com/homedetails/7720-E-Canfield-St-Detroit-MI-48214/88262412_zpid/ | Agent: Michael Perna 248-886-4450 | 40 days on market | Opening offer $89,000 / MAO ceiling $101,150"
"8049 Wetherby St, Detroit, MI 48204","Sales Pipeline","Appointment Scheduled","79900","https://www.zillow.com/homedetails/8049-Wetherby-St-Detroit-MI-48204/88652693_zpid/ | Agent: Alex Farhat 313-932-4111 | Zest $77900 | 55 days on market | Opening offer $46,000 / MAO ceiling $52,322"
"16093 Liberal St, Detroit, MI 48205","Sales Pipeline","Appointment Scheduled","19900","https://www.zillow.com/homedetails/16093-Liberal-St-Detroit-MI-48205/88243857_zpid/ | Agent: Brandon Woodbeck 248-302-7936 | PRICE DROP $100 | 31 days on market | Opening offer $0 / MAO ceiling $0"
"19024 Riverview St, Detroit, MI 48219","Sales Pipeline","Appointment Scheduled","69900","https://www.zillow.com/homedetails/19024-Riverview-St-Detroit-MI-48219/88634577_zpid/ | Agent: Neeta Kaur 734-981-2900 | 33 days on market | Opening offer $38,500 / MAO ceiling $43,502"
"11144 Sanford St, Detroit, MI 48205","Sales Pipeline","Appointment Scheduled","60000","https://www.zillow.com/homedetails/11144-Sanford-St-Detroit-MI-48205/88226739_zpid/ | Agent: Bailee Clanton 313-774-4005 | 45 days on market | Opening offer $29,500 / MAO ceiling $33,800"
"7714 E Canfield St, Detroit, MI 48214","Sales Pipeline","Appointment Scheduled","133000","https://www.zillow.com/homedetails/7714-E-Canfield-St-Detroit-MI-48214/88519338_zpid/ | Agent: Michael Perna 248-886-4450 | Zest $125000 | 40 days on market | Opening offer $82,500 / MAO ceiling $93,740"
"2569 Alter Rd, Detroit, MI 48215","Sales Pipeline","Appointment Scheduled","86450","https://www.zillow.com/homedetails/2569-Alter-Rd-Detroit-MI-48215/88218004_zpid/ | Agent: Anthony Vitale 586-726-4600 | Zest $84800 | 33 days on market | Opening offer $50,500 / MAO ceiling $57,431"
"21554 W Davison St, Detroit, MI 48223","Sales Pipeline","Appointment Scheduled","44900","https://www.zillow.com/homedetails/21554-W-Davison-St-Detroit-MI-48223/88544070_zpid/ | Agent: Mark Hutter 734-838-9197 | 51 days on market | Opening offer $16,500 / MAO ceiling $19,002"
"14170 Darcy St, Detroit, MI 48223","Sales Pipeline","Appointment Scheduled","15000","https://www.zillow.com/homedetails/14170-Darcy-St-Detroit-MI-48223/88670416_zpid/ | Agent: Steve Koleno 804-656-5007 | PRICE DROP $3900 | 55 days on market | Opening offer $0 / MAO ceiling $0"
"5042 Pennsylvania St, Detroit, MI 48213","Sales Pipeline","Appointment Scheduled","20000","https://www.zillow.com/homedetails/5042-Pennsylvania-St-Detroit-MI-48213/88261610_zpid/ | Agent: TJ Brisbois 734-237-9974 | PRICE DROP $8000 | 38 days on market | Opening offer $0 / MAO ceiling $0"
"10731 Roxbury St, Detroit, MI 48224","Sales Pipeline","Appointment Scheduled","70000","https://www.zillow.com/homedetails/10731-Roxbury-St-Detroit-MI-48224/88417749_zpid/ | Agent: Malaka Green 313-799-7245 | 47 days on market | Opening offer $38,500 / MAO ceiling $43,600"
"15008 Strathmoor St, Detroit, MI 48227","Sales Pipeline","Appointment Scheduled","75000","https://www.zillow.com/homedetails/15008-Strathmoor-St-Detroit-MI-48227/88447398_zpid/ | Agent: Maricela Berumen 947-261-1945 | 32 days on market | Opening offer $42,500 / MAO ceiling $48,500"
"9175 Everts St, Detroit, MI 48224","Sales Pipeline","Appointment Scheduled","74000","https://www.zillow.com/homedetails/9175-Everts-St-Detroit-MI-48224/88625838_zpid/ | Agent: Cameron Porter 248-819-2185 | 47 days on market | Opening offer $42,000 / MAO ceiling $47,520"
"15385 Stansbury St, Detroit, MI 48227","Sales Pipeline","Appointment Scheduled","95000","https://www.zillow.com/homedetails/15385-Stansbury-St-Detroit-MI-48227/88338342_zpid/ | Agent: Heather Dell 248-464-1116 | Zest $92000 | 25 days on market | Opening offer $56,500 / MAO ceiling $64,100"
"15373 Lamphere St, Detroit, MI 48223","Sales Pipeline","Appointment Scheduled","25000","https://www.zillow.com/homedetails/15373-Lamphere-St-Detroit-MI-48223/88661206_zpid/ | Agent: Keelie Thomas 810-333-2732 | 34 days on market | Opening offer $0 / MAO ceiling $0"
"17184 Dresden St, Detroit, MI 48205","Sales Pipeline","Appointment Scheduled","69000","https://www.zillow.com/homedetails/17184-Dresden-St-Detroit-MI-48205/88757591_zpid/ | Agent: Kaila C Ibura 734-333-7219 | PRICE DROP $69000 | 84 days on market | Opening offer $37,500 / MAO ceiling $42,620"
"15870 W Parkway St, Detroit, MI 48223","Sales Pipeline","Appointment Scheduled","48000","https://www.zillow.com/homedetails/15870-W-Parkway-St-Detroit-MI-48223/88304266_zpid/ | Agent: Darryn Brundage-Forrest 734-237-6901 | 42 days on market | Opening offer $19,500 / MAO ceiling $22,040"
"17593 Monica St, Detroit, MI 48221","Sales Pipeline","Appointment Scheduled","180000","https://www.zillow.com/homedetails/17593-Monica-St-Detroit-MI-48221/88377621_zpid/ | Agent: Charles Campbell 561-632-9673 | 84 days on market | Opening offer $115,000 / MAO ceiling $130,400"
"14810 Griggs St, Detroit, MI 48238","Sales Pipeline","Appointment Scheduled","119900","https://www.zillow.com/homedetails/14810-Griggs-St-Detroit-MI-48238/88715544_zpid/ | Agent: Sam Hantosh 313-561-0900 | Zest $117900 | 33 days on market | Opening offer $73,500 / MAO ceiling $83,522"
"20485 Helen St, Detroit, MI 48234","Sales Pipeline","Appointment Scheduled","40000","https://www.zillow.com/homedetails/20485-Helen-St-Detroit-MI-48234/88238074_zpid/ | Agent: Logan Gunter 248-277-4226 | PRICE DROP $5000 | 51 days on market | Opening offer $12,500 / MAO ceiling $14,200"
"12244 Woodmont Ave, Detroit, MI 48227","Sales Pipeline","Appointment Scheduled","68900","https://www.zillow.com/homedetails/12244-Woodmont-Ave-Detroit-MI-48227/88121597_zpid/ | Agent: Susan Taylor 313-200-1412 | 52 days on market | Opening offer $37,500 / MAO ceiling $42,522"
"8074 Plainview Ave, Detroit, MI 48228","Sales Pipeline","Appointment Scheduled","69900","https://www.zillow.com/homedetails/8074-Plainview-Ave-Detroit-MI-48228/88326143_zpid/ | Agent: Greg Majewski 248-564-1972 | 9 days on market | Opening offer $38,500 / MAO ceiling $43,502"
"5601 Marlborough St, Detroit, MI 48224","Sales Pipeline","Appointment Scheduled","56000","https://www.zillow.com/homedetails/5601-Marlborough-St-Detroit-MI-48224/88345225_zpid/ | Agent: Nahed Yousif 248-422-6962 | Zest $68100 | 88 days on market | Opening offer $26,500 / MAO ceiling $29,880"
"15370 Heyden St, Detroit, MI 48223","Sales Pipeline","Appointment Scheduled","80000","https://www.zillow.com/homedetails/15370-Heyden-St-Detroit-MI-48223/88420436_zpid/ | Agent: Lashawn Peterson 888-501-7085 | 17 days on market | Opening offer $46,000 / MAO ceiling $52,400"
"20255 Santa Rosa Dr, Detroit, MI 48221","Sales Pipeline","Appointment Scheduled","55000","https://www.zillow.com/homedetails/20255-Santa-Rosa-Dr-Detroit-MI-48221/88743380_zpid/ | Agent: Derek C Lievens 586-251-0291 | 66 days on market | Opening offer $25,500 / MAO ceiling $28,900"
"21562 W Davison St, Detroit, MI 48223","Sales Pipeline","Appointment Scheduled","27500","https://www.zillow.com/homedetails/21562-W-Davison-St-Detroit-MI-48223/88304978_zpid/ | Agent: Mark Hutter 734-838-9197 | 44 days on market | Opening offer $1,500 / MAO ceiling $1,950"
"19408 Goulburn St, Detroit, MI 48205","Sales Pipeline","Appointment Scheduled","49000","https://www.zillow.com/homedetails/19408-Goulburn-St-Detroit-MI-48205/88196102_zpid/ | Agent: Yu Ning 248-285-8259 | 65 days on market | Opening offer $20,500 / MAO ceiling $23,020"
"20489 Andover St, Highland Park, MI 48203","Sales Pipeline","Appointment Scheduled","65000","https://www.zillow.com/homedetails/20489-Andover-St-Highland-Park-MI-48203/458772508_zpid/ | Agent: Daniel Perkett 248-357-3333 | 21 days on market | Opening offer $34,000 / MAO ceiling $38,700"
"14216 Kentucky St, Detroit, MI 48238","Sales Pipeline","Appointment Scheduled","61999","https://www.zillow.com/homedetails/14216-Kentucky-St-Detroit-MI-48238/88153840_zpid/ | Agent: Sherrease M Carter 734-459-4700 | 34 days on market | Opening offer $31,500 / MAO ceiling $35,759"
"17206 Fenelon St, Detroit, MI 48212","Sales Pipeline","Appointment Scheduled","95000","https://www.zillow.com/homedetails/17206-Fenelon-St-Detroit-MI-48212/88220022_zpid/ | Agent: Nadia Kassim 586-668-3106 | PRICE DROP $19999 | 27 days on market | Opening offer $56,500 / MAO ceiling $64,100"
"6160 Neff Ave, Detroit, MI 48224","Sales Pipeline","Appointment Scheduled","39000","https://www.zillow.com/homedetails/6160-Neff-Ave-Detroit-MI-48224/88199649_zpid/ | Agent: Hassan Hammoud 313-644-0034 | PRICE DROP $3900 | 59 days on market | Opening offer $11,500 / MAO ceiling $13,220"
"12699 Greenlawn St, Detroit, MI 48238","Sales Pipeline","Appointment Scheduled","68900","https://www.zillow.com/homedetails/12699-Greenlawn-St-Detroit-MI-48238/88633562_zpid/ | Agent: Thalia Graham 313-282-1669 | PRICE DROP $6000 | 39 days on market | Opening offer $37,500 / MAO ceiling $42,522"
"9030 Plainview Ave, Detroit, MI 48228","Sales Pipeline","Appointment Scheduled","99999","https://www.zillow.com/homedetails/9030-Plainview-Ave-Detroit-MI-48228/88215856_zpid/ | Agent: Ali Saidi 313-706-4244 | 39 days on market | Opening offer $60,000 / MAO ceiling $67,999"
"11744 Wade St, Detroit, MI 48213","Sales Pipeline","Appointment Scheduled","58000","https://www.zillow.com/homedetails/11744-Wade-St-Detroit-MI-48213/88400036_zpid/ | Agent: Tiffany McCullough 313-574-1775 | PRICE DROP $7000 | 56 days on market | Opening offer $28,000 / MAO ceiling $31,840"
"12729 Grandmont Ave, Detroit, MI 48227","Sales Pipeline","Appointment Scheduled","99999","https://www.zillow.com/homedetails/12729-Grandmont-Ave-Detroit-MI-48227/88640365_zpid/ | Agent: Timothy Hillmer 313-274-7200 | 11 days on market | Opening offer $60,000 / MAO ceiling $67,999"
"13123 Indiana St, Detroit, MI 48238","Sales Pipeline","Appointment Scheduled","90000","https://www.zillow.com/homedetails/13123-Indiana-St-Detroit-MI-48238/88549495_zpid/ | Agent: Schylbea J Hopkins 313-863-3300 | 23 days on market | Opening offer $53,000 / MAO ceiling $60,200"
"20084 Stahelin Ave, Detroit, MI 48219","Sales Pipeline","Appointment Scheduled","65000","https://www.zillow.com/homedetails/20084-Stahelin-Ave-Detroit-MI-48219/88587671_zpid/ | Agent: Derek C Lievens 586-251-0291 | 35 days on market | Opening offer $34,000 / MAO ceiling $38,700"
"22118 Ulster St, Detroit, MI 48219","Sales Pipeline","Appointment Scheduled","54000","https://www.zillow.com/homedetails/22118-Ulster-St-Detroit-MI-48219/88431933_zpid/ | Agent: Daniella Mendoza-Herrera 313-437-2929 | 13 days on market | Opening offer $24,500 / MAO ceiling $27,920"
"7396 Stahelin Ave, Detroit, MI 48228","Sales Pipeline","Appointment Scheduled","79400","https://www.zillow.com/homedetails/7396-Stahelin-Ave-Detroit-MI-48228/88151234_zpid/ | Agent: Greg Majewski 248-564-1972 | 65 days on market | Opening offer $45,500 / MAO ceiling $51,932"
"15900 Curtis St, Detroit, MI 48235","Sales Pipeline","Appointment Scheduled","69900","https://www.zillow.com/homedetails/15900-Curtis-St-Detroit-MI-48235/88574025_zpid/ | Agent: Greg Majewski 248-564-1972 | PRICE DROP $6000 | 84 days on market | Opening offer $38,500 / MAO ceiling $43,502"
"15220 Tacoma St, Detroit, MI 48205","Sales Pipeline","Appointment Scheduled","60000","https://www.zillow.com/homedetails/15220-Tacoma-St-Detroit-MI-48205/88449400_zpid/ | Agent: Logan Gunter 248-277-4226 | 18 days on market | Opening offer $29,500 / MAO ceiling $33,800"
"17152 Santa Rosa Dr, Detroit, MI 48221","Sales Pipeline","Appointment Scheduled","225000","https://www.zillow.com/homedetails/17152-Santa-Rosa-Dr-Detroit-MI-48221/88098098_zpid/ | Agent: Scott Fader 888-227-1009 | Zest $222200 | 51 days on market | Opening offer $141,000 / MAO ceiling $160,500"
"14195 Kentfield St, Detroit, MI 48223","Sales Pipeline","Appointment Scheduled","45000","https://www.zillow.com/homedetails/14195-Kentfield-St-Detroit-MI-48223/88095525_zpid/ | Agent: Mark Poloney 248-375-4000 | Zest $55700 | 13 days on market | Opening offer $17,000 / MAO ceiling $19,100"
"13892 Bringard Dr, Detroit, MI 48205","Sales Pipeline","Appointment Scheduled","94900","https://www.zillow.com/homedetails/13892-Bringard-Dr-Detroit-MI-48205/88533531_zpid/ | Agent: Albert Hakim 586-799-8000 | PRICE DROP $10000 | 64 days on market | Opening offer $56,500 / MAO ceiling $64,022"
"19358 Teppert St, Detroit, MI 48234","Sales Pipeline","Appointment Scheduled","57500","https://www.zillow.com/homedetails/19358-Teppert-St-Detroit-MI-48234/88476204_zpid/ | Agent: Gregory White 313-456-9898 | 83 days on market | Opening offer $27,500 / MAO ceiling $31,350"
"20209 Stotter St, Detroit, MI 48234","Sales Pipeline","Appointment Scheduled","179000","https://www.zillow.com/homedetails/20209-Stotter-St-Detroit-MI-48234/88126326_zpid/ | Agent: Verdieman Smith 313-533-6300 | Zest $175800 | 29 days on market | Opening offer $114,000 / MAO ceiling $129,620"
"11439 Ohio St, Detroit, MI 48204","Sales Pipeline","Appointment Scheduled","60950","https://www.zillow.com/homedetails/11439-Ohio-St-Detroit-MI-48204/88091592_zpid/ | Agent: Anthony Vitale 586-726-4600 | 24 days on market | Opening offer $30,500 / MAO ceiling $34,731"
"24806 Frisbee St, Detroit, MI 48219","Sales Pipeline","Appointment Scheduled","69900","https://www.zillow.com/homedetails/24806-Frisbee-St-Detroit-MI-48219/88085020_zpid/ | Agent: Sam Hantosh 313-561-0900 | 19 days on market | Opening offer $38,500 / MAO ceiling $43,502"
"15668 Tacoma St, Detroit, MI 48205","Sales Pipeline","Appointment Scheduled","30000","https://www.zillow.com/homedetails/15668-Tacoma-St-Detroit-MI-48205/88100452_zpid/ | Agent: Benjamin Ness 248-736-1175 | 33 days on market | Opening offer $4,000 / MAO ceiling $4,400"
"13053 Maiden St, Detroit, MI 48213","Sales Pipeline","Appointment Scheduled","120000","https://www.zillow.com/homedetails/13053-Maiden-St-Detroit-MI-48213/88667104_zpid/ | Agent: Lashawn Peterson 888-501-7085 | Zest $116400 | 31 days on market | Opening offer $73,500 / MAO ceiling $83,600"
"15346 Dexter Ave, Detroit, MI 48238","Sales Pipeline","Appointment Scheduled","112000","https://www.zillow.com/homedetails/15346-Dexter-Ave-Detroit-MI-48238/88386425_zpid/ | Agent: John A McClendon Jr 313-671-0389 | 31 days on market | Opening offer $68,000 / MAO ceiling $77,360"
"10785 E Outer Dr, Detroit, MI 48224","Sales Pipeline","Appointment Scheduled","75000","https://www.zillow.com/homedetails/10785-E-Outer-Dr-Detroit-MI-48224/88391230_zpid/ | Agent: Derek C Lievens 586-251-0291 | 88 days on market | Opening offer $42,500 / MAO ceiling $48,500"
"20161 Yonka St, Detroit, MI 48234","Sales Pipeline","Appointment Scheduled","69500","https://www.zillow.com/homedetails/20161-Yonka-St-Detroit-MI-48234/88325532_zpid/ | Agent: Derek C Lievens 586-251-0291 | 9 days on market | Opening offer $38,000 / MAO ceiling $43,110"
"19182 Hickory St, Detroit, MI 48205","Sales Pipeline","Appointment Scheduled","43900","https://www.zillow.com/homedetails/19182-Hickory-St-Detroit-MI-48205/88450912_zpid/ | Agent: David Rabior 586-260-4346 | 25 days on market | Opening offer $16,000 / MAO ceiling $18,022"
"8656 & 8560 Farmbrook St, Detroit, MI 48224","Sales Pipeline","Appointment Scheduled","20000","https://www.zillow.com/homedetails/8656-8560-Farmbrook-St-Detroit-MI-48224/461474316_zpid/ | Agent: Thomas Hutt 248-646-5000 | 73 days on market | Opening offer $0 / MAO ceiling $0"
"18427 Braile St, Detroit, MI 48219","Sales Pipeline","Appointment Scheduled","32500","https://www.zillow.com/homedetails/18427-Braile-St-Detroit-MI-48219/88143351_zpid/ | Agent: Greg Majewski 248-564-1972 | 82 days on market | Opening offer $6,000 / MAO ceiling $6,850"
"19170 Greeley St, Detroit, MI 48203","Sales Pipeline","Appointment Scheduled","25000","https://www.zillow.com/homedetails/19170-Greeley-St-Detroit-MI-48203/88221567_zpid/ | Agent: Keelie Thomas 810-333-2732 | 33 days on market | Opening offer $0 / MAO ceiling $0"
"17360 Mansfield St, Detroit, MI 48235","Sales Pipeline","Appointment Scheduled","110000","https://www.zillow.com/homedetails/17360-Mansfield-St-Detroit-MI-48235/88617857_zpid/ | Agent: Alexis Sprankle 313-450-5114 | Zest $107500 | 56 days on market | Opening offer $66,500 / MAO ceiling $75,800"
"19355 Alcoy St, Detroit, MI 48205","Sales Pipeline","Appointment Scheduled","63000","https://www.zillow.com/homedetails/19355-Alcoy-St-Detroit-MI-48205/88208332_zpid/ | Agent: Maria Mitchell 248-288-3500 | 38 days on market | Opening offer $32,500 / MAO ceiling $36,740"
"8451 Greenview Ave, Detroit, MI 48228","Sales Pipeline","Appointment Scheduled","53000","https://www.zillow.com/homedetails/8451-Greenview-Ave-Detroit-MI-48228/88561832_zpid/ | Agent: Reva M Lee 248-835-6103 | 21 days on market | Opening offer $23,500 / MAO ceiling $26,940"
"4337 Algonquin St, Detroit, MI 48215","Sales Pipeline","Appointment Scheduled","98000","https://www.zillow.com/homedetails/4337-Algonquin-St-Detroit-MI-48215/88309161_zpid/ | Agent: Mike Pirzadeh 313-565-0000 | Zest $96600 | 48 days on market | Opening offer $58,500 / MAO ceiling $66,440"
"15355 Auburn St, Detroit, MI 48223","Sales Pipeline","Appointment Scheduled","74900","https://www.zillow.com/homedetails/15355-Auburn-St-Detroit-MI-48223/88376467_zpid/ | Agent: Mark W Brown 313-333-9248 | PRICE DROP $10000 | 46 days on market | Opening offer $42,500 / MAO ceiling $48,402"
"15470 Mapleridge St, Detroit, MI 48205","Sales Pipeline","Appointment Scheduled","83000","https://www.zillow.com/homedetails/15470-Mapleridge-St-Detroit-MI-48205/88421408_zpid/ | Agent: Gaston Munoz 313-914-7545 | Opening offer $48,000 / MAO ceiling $54,740"
"19249 Marx Ave, Detroit, MI 48203","Sales Pipeline","Appointment Scheduled","49900","https://www.zillow.com/homedetails/19249-Marx-Ave-Detroit-MI-48203/88400982_zpid/ | Agent: Daleik Vaughn 305-814-9310 | 16 days on market | Opening offer $21,000 / MAO ceiling $23,902"
"18982 Joann St, Detroit, MI 48205","Sales Pipeline","Appointment Scheduled","60000","https://www.zillow.com/homedetails/18982-Joann-St-Detroit-MI-48205/88573961_zpid/ | Agent: Mwood Nafsou 586-945-5830 | PRICE DROP $5000 | 76 days on market | Opening offer $29,500 / MAO ceiling $33,800"
"11718 Plainview Ave, Detroit, MI 48228","Sales Pipeline","Appointment Scheduled","57000","https://www.zillow.com/homedetails/11718-Plainview-Ave-Detroit-MI-48228/88330384_zpid/ | Agent: Ali Said 313-898-4804 | 13 days on market | Opening offer $27,000 / MAO ceiling $30,860"
"3331 S Liddesdale St, Detroit, MI 48217","Sales Pipeline","Appointment Scheduled","55000","https://www.zillow.com/homedetails/3331-S-Liddesdale-St-Detroit-MI-48217/88456471_zpid/ | Agent: Tarick M Salmaci 313-333-0111 | 25 days on market | Opening offer $25,500 / MAO ceiling $28,900"
"14230 Saratoga St, Detroit, MI 48205","Sales Pipeline","Appointment Scheduled","11000","https://www.zillow.com/homedetails/14230-Saratoga-St-Detroit-MI-48205/88687570_zpid/ | Agent: Future D Davis 888-501-7085 | PRICE DROP $10000 | 26 days on market | Opening offer $0 / MAO ceiling $0"
"20030 Ohio St, Detroit, MI 48221","Sales Pipeline","Appointment Scheduled","79900","https://www.zillow.com/homedetails/20030-Ohio-St-Detroit-MI-48221/88161433_zpid/ | Agent: Mark Hutter 734-838-9197 | 49 days on market | Opening offer $46,000 / MAO ceiling $52,322"
"19301 Runyon St, Detroit, MI 48234","Sales Pipeline","Appointment Scheduled","23900","https://www.zillow.com/homedetails/19301-Runyon-St-Detroit-MI-48234/88191943_zpid/ | Agent: Mohamed Elkaluoby 313-801-9744 | 8 days on market | Opening offer $0 / MAO ceiling $0"
"4336 Larchmont St, Detroit, MI 48204","Sales Pipeline","Appointment Scheduled","49000","https://www.zillow.com/homedetails/4336-Larchmont-St-Detroit-MI-48204/88393622_zpid/ | Agent: Derek C Lievens 586-251-0291 | 73 days on market | Opening offer $20,500 / MAO ceiling $23,020"
"13536 Ashton Rd, Detroit, MI 48223","Sales Pipeline","Appointment Scheduled","28000","https://www.zillow.com/homedetails/13536-Ashton-Rd-Detroit-MI-48223/88203113_zpid/ | Agent: Mikhail Grigoryan 313-888-6060 | Zest $73900 | 4 days on market | Opening offer $2,000 / MAO ceiling $2,440"
"11409 Manor St, Detroit, MI 48204","Sales Pipeline","Appointment Scheduled","44900","https://www.zillow.com/homedetails/11409-Manor-St-Detroit-MI-48204/88396178_zpid/ | Agent: Moe Kassem 248-847-8067 | 19 days on market | Opening offer $16,500 / MAO ceiling $19,002"
"12400 Lansdowne St, Grosse Pointe, MI 48224","Sales Pipeline","Appointment Scheduled","45000","https://www.zillow.com/homedetails/12400-Lansdowne-St-Grosse-Pointe-MI-48224/88343596_zpid/ | Agent: Nader Shariff 313-231-0794 | PRICE DROP $9900 | 79 days on market | Opening offer $17,000 / MAO ceiling $19,100"
"20260 Dean St, Detroit, MI 48234","Sales Pipeline","Appointment Scheduled","83000","https://www.zillow.com/homedetails/20260-Dean-St-Detroit-MI-48234/88355531_zpid/ | Agent: Nataly Pinilla 313-395-0000 | Zest $82700 | 5 days on market | Opening offer $48,000 / MAO ceiling $54,740"
"2311 Glendale St, Detroit, MI 48238","Sales Pipeline","Appointment Scheduled","110000","https://www.zillow.com/homedetails/2311-Glendale-St-Detroit-MI-48238/88477539_zpid/ | 18 days on market | Opening offer $66,500 / MAO ceiling $75,800"
"8229 Carlin St, Detroit, MI 48228","Sales Pipeline","Appointment Scheduled","195000","https://www.zillow.com/homedetails/8229-Carlin-St-Detroit-MI-48228/88672680_zpid/ | Agent: Verdieman Smith 313-533-6300 | 3 days on market | Opening offer $125,000 / MAO ceiling $142,100"
"8647 Stout St, Detroit, MI 48228","Sales Pipeline","Appointment Scheduled","82900","https://www.zillow.com/homedetails/8647-Stout-St-Detroit-MI-48228/88264729_zpid/ | Agent: Greg Majewski 248-564-1972 | 58 days on market | Opening offer $48,000 / MAO ceiling $54,662"
"20569 Evergreen Rd, Detroit, MI 48219","Sales Pipeline","Appointment Scheduled","85000","https://www.zillow.com/homedetails/20569-Evergreen-Rd-Detroit-MI-48219/88199801_zpid/ | Agent: Hassan Hammoud 313-644-0034 | PRICE DROP $4000 | 53 days on market | Opening offer $49,500 / MAO ceiling $56,300"
"11352 Nottingham Rd, Detroit, MI 48224","Sales Pipeline","Appointment Scheduled","79900","https://www.zillow.com/homedetails/11352-Nottingham-Rd-Detroit-MI-48224/88256115_zpid/ | Agent: Mark Hutter 734-838-9197 | 6 days on market | Opening offer $46,000 / MAO ceiling $52,322"
"11205 Kennebec St, Detroit, MI 48205","Sales Pipeline","Appointment Scheduled","70000","https://www.zillow.com/homedetails/11205-Kennebec-St-Detroit-MI-48205/88673725_zpid/ | Agent: Erica Coleman 313-587-6133 | 5 days on market | Opening offer $38,500 / MAO ceiling $43,600"
"18954 Beland St, Detroit, MI 48234","Sales Pipeline","Appointment Scheduled","59900","https://www.zillow.com/homedetails/18954-Beland-St-Detroit-MI-48234/88165922_zpid/ | Agent: Derek C Lievens 586-251-0291 | 81 days on market | Opening offer $29,500 / MAO ceiling $33,702"
"16770 Greenlawn St, Detroit, MI 48221","Sales Pipeline","Appointment Scheduled","120000","https://www.zillow.com/homedetails/16770-Greenlawn-St-Detroit-MI-48221/88212665_zpid/ | Agent: Gerielynn Moses 313-228-2221 | 44 days on market | Opening offer $73,500 / MAO ceiling $83,600"
"12652 Laing St, Grosse Pointe, MI 48224","Sales Pipeline","Appointment Scheduled","62500","https://www.zillow.com/homedetails/12652-Laing-St-Grosse-Pointe-MI-48224/88579954_zpid/ | Agent: Mark Hutter 734-838-9197 | 54 days on market | Opening offer $32,000 / MAO ceiling $36,250"
"15237 Carlisle St, Detroit, MI 48205","Sales Pipeline","Appointment Scheduled","85000","https://www.zillow.com/homedetails/15237-Carlisle-St-Detroit-MI-48205/88193866_zpid/ | Agent: Brandon Rucker 313-247-0831 | 25 days on market | Opening offer $49,500 / MAO ceiling $56,300"
"6463 Crane St, Detroit, MI 48213","Sales Pipeline","Appointment Scheduled","15000","https://www.zillow.com/homedetails/6463-Crane-St-Detroit-MI-48213/88380344_zpid/ | Agent: Michael J Krausman 248-342-6516 | 62 days on market | Opening offer $0 / MAO ceiling $0"
"7607 Dobel St, Detroit, MI 48234","Sales Pipeline","Appointment Scheduled","99000","https://www.zillow.com/homedetails/7607-Dobel-St-Detroit-MI-48234/88738395_zpid/ | Agent: Scott D MacDonald 248-209-6755 | Zest $93500 | 2 days on market | Opening offer $59,000 / MAO ceiling $67,220"
"11881 Saint Patrick St, Detroit, MI 48205","Sales Pipeline","Appointment Scheduled","65000","https://www.zillow.com/homedetails/11881-Saint-Patrick-St-Detroit-MI-48205/88185144_zpid/ | Agent: Roberto Ortiz 313-623-0265 | 75 days on market | Opening offer $34,000 / MAO ceiling $38,700"
"13120 Washburn St, Detroit, MI 48238","Sales Pipeline","Appointment Scheduled","54900","https://www.zillow.com/homedetails/13120-Washburn-St-Detroit-MI-48238/88668965_zpid/ | Agent: Daleik Vaughn 305-814-9310 | 7 days on market | Opening offer $25,500 / MAO ceiling $28,802"
"2633 W Grand Blvd, Detroit, MI 48208","Sales Pipeline","Appointment Scheduled","180000","https://www.zillow.com/homedetails/2633-W-Grand-Blvd-Detroit-MI-48208/88359762_zpid/ | Agent: Christine Sterling 313-855-7737 | Zest $173600 | 26 days on market | Opening offer $115,000 / MAO ceiling $130,400"
"9137 Meyers Rd, Detroit, MI 48228","Sales Pipeline","Appointment Scheduled","79000","https://www.zillow.com/homedetails/9137-Meyers-Rd-Detroit-MI-48228/88728172_zpid/ | Agent: Jose Diaz 954-647-4869 | 80 days on market | Opening offer $45,500 / MAO ceiling $51,620"
"167 W Brentwood St, Detroit, MI 48203","Sales Pipeline","Appointment Scheduled","33600","https://www.zillow.com/homedetails/167-W-Brentwood-St-Detroit-MI-48203/88163307_zpid/ | Agent: Lashawn Peterson 888-501-7085 | 34 days on market | Opening offer $7,000 / MAO ceiling $7,928"
"8855 Stout St, Detroit, MI 48228","Sales Pipeline","Appointment Scheduled","49900","https://www.zillow.com/homedetails/8855-Stout-St-Detroit-MI-48228/88478988_zpid/ | Agent: Katie Wheeler 313-627-1819 | PRICE DROP $2100 | 69 days on market | Opening offer $21,000 / MAO ceiling $23,902"
"13594 Grandmont Ave, Detroit, MI 48227","Sales Pipeline","Appointment Scheduled","89900","https://www.zillow.com/homedetails/13594-Grandmont-Ave-Detroit-MI-48227/88441521_zpid/ | Agent: Michael Biondo 586-541-4000 | 9 days on market | Opening offer $53,000 / MAO ceiling $60,122"
"16145 Bramell St, Detroit, MI 48219","Sales Pipeline","Appointment Scheduled","89900","https://www.zillow.com/homedetails/16145-Bramell-St-Detroit-MI-48219/88144824_zpid/ | Agent: Steve Koleno 804-656-5007 | PRICE DROP $10000 | 54 days on market | Opening offer $53,000 / MAO ceiling $60,122"
"19977 Santa Barbara Dr, Detroit, MI 48221","Sales Pipeline","Appointment Scheduled","83000","https://www.zillow.com/homedetails/19977-Santa-Barbara-Dr-Detroit-MI-48221/88091770_zpid/ | Agent: Timothy Hillmer 313-274-7200 | 11 days on market | Opening offer $48,000 / MAO ceiling $54,740"
"1200 S Ethel St, Detroit, MI 48217","Sales Pipeline","Appointment Scheduled","54900","https://www.zillow.com/homedetails/1200-S-Ethel-St-Detroit-MI-48217/88474980_zpid/ | Agent: Daleik Vaughn 305-814-9310 | 23 days on market | Opening offer $25,500 / MAO ceiling $28,802"
"14440 Chelsea St, Detroit, MI 48213","Sales Pipeline","Appointment Scheduled","55000","https://www.zillow.com/homedetails/14440-Chelsea-St-Detroit-MI-48213/88537811_zpid/ | Agent: Ejaz Ahmed 734-895-9500 | PRICE DROP $2000 | 13 days on market | Opening offer $25,500 / MAO ceiling $28,900"
"1720 E Grand Blvd, Detroit, MI 48211","Sales Pipeline","Appointment Scheduled","38999","https://www.zillow.com/homedetails/1720-E-Grand-Blvd-Detroit-MI-48211/88278707_zpid/ | Agent: Samuel Siegel 888-501-7085 | PRICE DROP $1000 | 71 days on market | Opening offer $11,500 / MAO ceiling $13,219"
"15724 Lesure St, Detroit, MI 48227","Sales Pipeline","Appointment Scheduled","33900","https://www.zillow.com/homedetails/15724-Lesure-St-Detroit-MI-48227/88719214_zpid/ | Agent: Greg Majewski 248-564-1972 | 60 days on market | Opening offer $7,000 / MAO ceiling $8,222"
"18712 Waltham St, Detroit, MI 48205","Sales Pipeline","Appointment Scheduled","65000","https://www.zillow.com/homedetails/18712-Waltham-St-Detroit-MI-48205/88188680_zpid/ | Agent: Derek C Lievens 586-251-0291 | 88 days on market | Opening offer $34,000 / MAO ceiling $38,700"
"18866 Hull Ave, Detroit, MI 48203","Sales Pipeline","Appointment Scheduled","65000","https://www.zillow.com/homedetails/18866-Hull-Ave-Detroit-MI-48203/2066261590_zpid/ | Agent: Jonathan Minerick 888-400-2513 | 68 days on market | Opening offer $34,000 / MAO ceiling $38,700"
"15411 Ferguson St, Detroit, MI 48227","Sales Pipeline","Appointment Scheduled","79900","https://www.zillow.com/homedetails/15411-Ferguson-St-Detroit-MI-48227/88542936_zpid/ | Agent: Bobby Hesley 248-636-2266 | 12 days on market | Opening offer $46,000 / MAO ceiling $52,322"
"16878 Lilac St, Detroit, MI 48221","Sales Pipeline","Appointment Scheduled","130000","https://www.zillow.com/homedetails/16878-Lilac-St-Detroit-MI-48221/88509013_zpid/ | Agent: Wendy Hopkins 248-327-6161 | PRICE DROP $22000 | Zest $126800 | 58 days on market | Opening offer $80,500 / MAO ceiling $91,400"
"16574 Westbrook St, Detroit, MI 48219","Sales Pipeline","Appointment Scheduled","80000","https://www.zillow.com/homedetails/16574-Westbrook-St-Detroit-MI-48219/88312756_zpid/ | Agent: Noah Jackson 248-398-9200 | 19 days on market | Opening offer $46,000 / MAO ceiling $52,400"
"19942 McCormick St, Detroit, MI 48224","Sales Pipeline","Appointment Scheduled","46500","https://www.zillow.com/homedetails/19942-McCormick-St-Detroit-MI-48224/88470687_zpid/ | Agent: Mark Hutter 734-838-9197 | 11 days on market | Opening offer $18,000 / MAO ceiling $20,570"
"1229 S Deacon St, Detroit, MI 48217","Sales Pipeline","Appointment Scheduled","75000","https://www.zillow.com/homedetails/1229-S-Deacon-St-Detroit-MI-48217/88725064_zpid/ | Agent: Renzo Delzo 855-639-3720 | PRICE DROP $5000 | 40 days on market | Opening offer $42,500 / MAO ceiling $48,500"
"19126 Stotter St, Detroit, MI 48234","Sales Pipeline","Appointment Scheduled","69900","https://www.zillow.com/homedetails/19126-Stotter-St-Detroit-MI-48234/88101204_zpid/ | Agent: Derek C Lievens 586-251-0291 | 9 days on market | Opening offer $38,500 / MAO ceiling $43,502"
"16942 Riverview St, Detroit, MI 48219","Sales Pipeline","Appointment Scheduled","55000","https://www.zillow.com/homedetails/16942-Riverview-St-Detroit-MI-48219/88283312_zpid/ | 45 days on market | Opening offer $25,500 / MAO ceiling $28,900"
"9092 Patton St, Detroit, MI 48228","Sales Pipeline","Appointment Scheduled","79900","https://www.zillow.com/homedetails/9092-Patton-St-Detroit-MI-48228/88647707_zpid/ | Agent: Kristian Freiwald 313-626-5996 | 26 days on market | Opening offer $46,000 / MAO ceiling $52,322"
"8357 Navy St, Detroit, MI 48209","Sales Pipeline","Appointment Scheduled","130000","https://www.zillow.com/homedetails/8357-Navy-St-Detroit-MI-48209/88629682_zpid/ | Agent: Makia Rushton 313-801-0672 | Zest $83900 | 3 days on market | Opening offer $80,500 / MAO ceiling $91,400"
"9377 Bessemore St, Detroit, MI 48213","Sales Pipeline","Appointment Scheduled","30000","https://www.zillow.com/homedetails/9377-Bessemore-St-Detroit-MI-48213/88184813_zpid/ | Agent: Mikhail Grigoryan 313-888-6060 | 12 days on market | Opening offer $4,000 / MAO ceiling $4,400"
"15394 Freeland St, Detroit, MI 48227","Sales Pipeline","Appointment Scheduled","30000","https://www.zillow.com/homedetails/15394-Freeland-St-Detroit-MI-48227/88550233_zpid/ | Agent: Adam Hage 313-598-2566 | PRICE DROP $9900 | 66 days on market | Opening offer $4,000 / MAO ceiling $4,400"
"2937 Seyburn St, Detroit, MI 48214","Sales Pipeline","Appointment Scheduled","74900","https://www.zillow.com/homedetails/2937-Seyburn-St-Detroit-MI-48214/88619816_zpid/ | Agent: Zachary Winner 947-941-4100 | 3 days on market | Opening offer $42,500 / MAO ceiling $48,402"
"1956 Monterey St, Detroit, MI 48206","Sales Pipeline","Appointment Scheduled","19950","https://www.zillow.com/homedetails/1956-Monterey-St-Detroit-MI-48206/88133343_zpid/ | Agent: Brandon Woodbeck 248-302-7936 | PRICE DROP $5000 | 31 days on market | Opening offer $0 / MAO ceiling $0"
"19375 Danbury St, Highland Park, MI 48203","Sales Pipeline","Appointment Scheduled","10000","https://www.zillow.com/homedetails/19375-Danbury-St-Highland-Park-MI-48203/88603548_zpid/ | Agent: Mikhail Grigoryan 313-888-6060 | 16 days on market | Opening offer $0 / MAO ceiling $0"
"14045 Sussex St, Detroit, MI 48227","Sales Pipeline","Appointment Scheduled","48000","https://www.zillow.com/homedetails/14045-Sussex-St-Detroit-MI-48227/88625580_zpid/ | Agent: James T Silver 248-530-7292 | PRICE DROP $2000 | 52 days on market | Opening offer $19,500 / MAO ceiling $22,040"
"20520 Dresden St, Detroit, MI 48205","Sales Pipeline","Appointment Scheduled","35000","https://www.zillow.com/homedetails/20520-Dresden-St-Detroit-MI-48205/88712582_zpid/ | Agent: Daryl B Harris 313-612-3277 | 33 days on market | Opening offer $8,000 / MAO ceiling $9,300"
"15519 Westbrook St, Detroit, MI 48223","Sales Pipeline","Appointment Scheduled","77900","https://www.zillow.com/homedetails/15519-Westbrook-St-Detroit-MI-48223/88695032_zpid/ | Agent: Greg Majewski 248-564-1972 | 69 days on market | Opening offer $44,500 / MAO ceiling $50,762"
"20203 Hull St, Highland Park, MI 48203","Sales Pipeline","Appointment Scheduled","37999","https://www.zillow.com/homedetails/20203-Hull-St-Highland-Park-MI-48203/88493526_zpid/ | Agent: Minhaz A Laskar 313-288-5884 | PRICE DROP $2001 | 34 days on market | Opening offer $11,000 / MAO ceiling $12,239"
"16525 Prevost St, Detroit, MI 48235","Sales Pipeline","Appointment Scheduled","135000","https://www.zillow.com/homedetails/16525-Prevost-St-Detroit-MI-48235/88133162_zpid/ | Agent: LaToya Johnson-Fowlkes 248-593-9494 | Zest $135000 | 42 days on market | Opening offer $84,000 / MAO ceiling $95,300"
"5969 Cadieux Rd, Detroit, MI 48224","Sales Pipeline","Appointment Scheduled","129000","https://www.zillow.com/homedetails/5969-Cadieux-Rd-Detroit-MI-48224/88591486_zpid/ | Agent: Anthony Djon 248-747-4834 | Zest $127900 | 47 days on market | Opening offer $79,500 / MAO ceiling $90,620"
"11701 Winthrop St, Detroit, MI 48227","Sales Pipeline","Appointment Scheduled","17000","https://www.zillow.com/homedetails/11701-Winthrop-St-Detroit-MI-48227/88110620_zpid/ | Agent: Keelie Thomas 810-333-2732 | 34 days on market | Opening offer $0 / MAO ceiling $0"
"13027 Rosemary St, Detroit, MI 48213","Sales Pipeline","Appointment Scheduled","75000","https://www.zillow.com/homedetails/13027-Rosemary-St-Detroit-MI-48213/88629208_zpid/ | Agent: Franco Moncada 248-647-3200 | 25 days on market | Opening offer $42,500 / MAO ceiling $48,500"
"7720 Smart St, Detroit, MI 48210","Sales Pipeline","Appointment Scheduled","84900","https://www.zillow.com/homedetails/7720-Smart-St-Detroit-MI-48210/88384627_zpid/ | Agent: Rae Guajardo 734-783-0900 | PRICE DROP $10000 | 40 days on market | Opening offer $49,500 / MAO ceiling $56,222"
"20260 Patton St, Detroit, MI 48219","Sales Pipeline","Appointment Scheduled","155000","https://www.zillow.com/homedetails/20260-Patton-St-Detroit-MI-48219/88214244_zpid/ | Agent: Timothy Gohl Jr 734-928-2888 | PRICE DROP $7222 | Zest $149900 | 65 days on market | Opening offer $97,500 / MAO ceiling $110,900"
"11981 Whitehill St, Detroit, MI 48224","Sales Pipeline","Appointment Scheduled","80000","https://www.zillow.com/homedetails/11981-Whitehill-St-Detroit-MI-48224/88617590_zpid/ | Agent: Leontra Murphy 248-609-8000 | 13 days on market | Opening offer $46,000 / MAO ceiling $52,400"
"14210 Kilbourne St, Detroit, MI 48213","Sales Pipeline","Appointment Scheduled","18000","https://www.zillow.com/homedetails/14210-Kilbourne-St-Detroit-MI-48213/88409931_zpid/ | Agent: TJ Brisbois 734-237-9974 | 25 days on market | Opening offer $0 / MAO ceiling $0"
"2510 Sturtevant St, Detroit, MI 48206","Sales Pipeline","Appointment Scheduled","38000","https://www.zillow.com/homedetails/2510-Sturtevant-St-Detroit-MI-48206/88248021_zpid/ | Agent: Nameer Jamil 248-561-6756 | PRICE DROP $2000 | 38 days on market | Opening offer $11,000 / MAO ceiling $12,240"
"14941 Littlefield St, Detroit, MI 48227","Sales Pipeline","Appointment Scheduled","54900","https://www.zillow.com/homedetails/14941-Littlefield-St-Detroit-MI-48227/88596081_zpid/ | Agent: Bobby Hesley 248-636-2266 | 25 days on market | Opening offer $25,500 / MAO ceiling $28,802"
"8091 Kenney St, Detroit, MI 48234","Sales Pipeline","Appointment Scheduled","39600","https://www.zillow.com/homedetails/8091-Kenney-St-Detroit-MI-48234/88718194_zpid/ | Agent: Sherri Saad 313-277-7777 | 12 days on market | Opening offer $12,000 / MAO ceiling $13,808"
"1163 Atkinson St, Detroit, MI 48202","Sales Pipeline","Appointment Scheduled","199900","https://www.zillow.com/homedetails/1163-Atkinson-St-Detroit-MI-48202/88342963_zpid/ | Agent: Daleik Vaughn 305-814-9310 | 53 days on market | Opening offer $128,500 / MAO ceiling $145,922"
"19953 Hull St, Detroit, MI 48203","Sales Pipeline","Appointment Scheduled","65900","https://www.zillow.com/homedetails/19953-Hull-St-Detroit-MI-48203/88315513_zpid/ | Agent: Tanisha Leconte 313-912-6694 | PRICE DROP $4600 | 25 days on market | Opening offer $35,000 / MAO ceiling $39,582"
"14850 Houston Whittier St, Detroit, MI 48205","Sales Pipeline","Appointment Scheduled","85000","https://www.zillow.com/homedetails/14850-Houston-Whittier-St-Detroit-MI-48205/88499648_zpid/ | PRICE DROP $10000 | 21 days on market | Opening offer $49,500 / MAO ceiling $56,300"
"5698 Greenview Ave, Detroit, MI 48228","Sales Pipeline","Appointment Scheduled","99000","https://www.zillow.com/homedetails/5698-Greenview-Ave-Detroit-MI-48228/88656621_zpid/ | Agent: Hassan Alsalamy 248-896-4444 | 18 days on market | Opening offer $59,000 / MAO ceiling $67,220"
"12257 W Jeffries Fwy, Detroit, MI 48204","Sales Pipeline","Appointment Scheduled","55000","https://www.zillow.com/homedetails/12257-W-Jeffries-Fwy-Detroit-MI-48204/461545269_zpid/ | Agent: Derek C Lievens 586-251-0291 | 68 days on market | Opening offer $25,500 / MAO ceiling $28,900"
"18109 Justine St, Detroit, MI 48234","Sales Pipeline","Appointment Scheduled","15900","https://www.zillow.com/homedetails/18109-Justine-St-Detroit-MI-48234/88540617_zpid/ | Agent: Sam Hantosh 313-561-0900 | PRICE DROP $1000 | 17 days on market | Opening offer $0 / MAO ceiling $0"
"3684 Hunt St, Detroit, MI 48207","Sales Pipeline","Appointment Scheduled","99900","https://www.zillow.com/homedetails/3684-Hunt-St-Detroit-MI-48207/88667790_zpid/ | Agent: LaKendra Ford 888-501-7085 | 65 days on market | Opening offer $60,000 / MAO ceiling $67,922"
"4224 W Davison, Detroit, MI 48238","Sales Pipeline","Appointment Scheduled","74500","https://www.zillow.com/homedetails/4224-W-Davison-Detroit-MI-48238/88336925_zpid/ | Agent: Derek C Lievens 586-251-0291 | 9 days on market | Opening offer $42,000 / MAO ceiling $48,010"
"13595 Wyoming Ave, Detroit, MI 48238","Sales Pipeline","Appointment Scheduled","15000","https://www.zillow.com/homedetails/13595-Wyoming-Ave-Detroit-MI-48238/462030925_zpid/ | Agent: Brandon Woodbeck 248-302-7936 | PRICE DROP $4950 | 48 days on market | Opening offer $0 / MAO ceiling $0"
"8245 Brace St, Detroit, MI 48228","Sales Pipeline","Appointment Scheduled","60900","https://www.zillow.com/homedetails/8245-Brace-St-Detroit-MI-48228/88639439_zpid/ | Agent: Greg Majewski 248-564-1972 | PRICE DROP $1000 | 33 days on market | Opening offer $30,500 / MAO ceiling $34,682"
"4235 Van Dyke St, Detroit, MI 48214","Sales Pipeline","Appointment Scheduled","125000","https://www.zillow.com/homedetails/4235-Van-Dyke-St-Detroit-MI-48214/88434477_zpid/ | Agent: Ryan Maceri 586-519-6259 | PRICE DROP $25000 | 31 days on market | Opening offer $77,000 / MAO ceiling $87,500"
"20167 Yacama Rd, Highland Park, MI 48203","Sales Pipeline","Appointment Scheduled","12000","https://www.zillow.com/homedetails/20167-Yacama-Rd-Highland-Park-MI-48203/448335662_zpid/ | Agent: Keelie Thomas 810-333-2732 | 32 days on market | Opening offer $0 / MAO ceiling $0"
"14851 Indiana St, Detroit, MI 48238","Sales Pipeline","Appointment Scheduled","24900","https://www.zillow.com/homedetails/14851-Indiana-St-Detroit-MI-48238/88312268_zpid/ | Agent: Daleik Vaughn 305-814-9310 | PRICE DROP $15000 | 59 days on market | Opening offer $0 / MAO ceiling $0"
"10319 Violetlawn St, Detroit, MI 48204","Sales Pipeline","Appointment Scheduled","20000","https://www.zillow.com/homedetails/10319-Violetlawn-St-Detroit-MI-48204/88352318_zpid/ | Agent: Keelie Thomas 810-333-2732 | 34 days on market | Opening offer $0 / MAO ceiling $0"
"13044 Wilshire Dr, Detroit, MI 48213","Sales Pipeline","Appointment Scheduled","137500","https://www.zillow.com/homedetails/13044-Wilshire-Dr-Detroit-MI-48213/88138236_zpid/ | Agent: Michael Perna 248-886-4450 | Zest $133500 | 40 days on market | Opening offer $85,500 / MAO ceiling $97,250"
"3948 Minnesota Ave, Detroit, MI 48212","Sales Pipeline","Appointment Scheduled","34900","https://www.zillow.com/homedetails/3948-Minnesota-Ave-Detroit-MI-48212/88443641_zpid/ | Agent: Daleik Vaughn 305-814-9310 | Zest $71200 | 3 days on market | Opening offer $8,000 / MAO ceiling $9,202"
"16560 La Salle Ave, Detroit, MI 48221","Sales Pipeline","Appointment Scheduled","172000","https://www.zillow.com/homedetails/16560-La-Salle-Ave-Detroit-MI-48221/88620365_zpid/ | Agent: Maribel Santino 810-610-2794 | PRICE DROP $6000 | 69 days on market | Opening offer $109,500 / MAO ceiling $124,160"
"17805 Fleming St, Detroit, MI 48212","Sales Pipeline","Appointment Scheduled","25000","https://www.zillow.com/homedetails/17805-Fleming-St-Detroit-MI-48212/88402331_zpid/ | Agent: Keelie Thomas 810-333-2732 | 34 days on market | Opening offer $0 / MAO ceiling $0"
"12211 Ilene St, Detroit, MI 48204","Sales Pipeline","Appointment Scheduled","84900","https://www.zillow.com/homedetails/12211-Ilene-St-Detroit-MI-48204/88562928_zpid/ | Agent: Greg Majewski 248-564-1972 | 51 days on market | Opening offer $49,500 / MAO ceiling $56,222"
"20502 Caldwell St, Detroit, MI 48234","Sales Pipeline","Appointment Scheduled","25000","https://www.zillow.com/homedetails/20502-Caldwell-St-Detroit-MI-48234/88348185_zpid/ | Agent: Keelie Thomas 810-333-2732 | 31 days on market | Opening offer $0 / MAO ceiling $0"
"20505 Hamburg St, Detroit, MI 48205","Sales Pipeline","Appointment Scheduled","50000","https://www.zillow.com/homedetails/20505-Hamburg-St-Detroit-MI-48205/88762578_zpid/ | Agent: Joseph Bailey 313-722-3232 | 46 days on market | Opening offer $21,000 / MAO ceiling $24,000"
"9613 American St, Detroit, MI 48204","Sales Pipeline","Appointment Scheduled","14900","https://www.zillow.com/homedetails/9613-American-St-Detroit-MI-48204/88389982_zpid/ | Agent: Mark Poloney 248-375-4000 | PRICE DROP $1000 | 48 days on market | Opening offer $0 / MAO ceiling $0"
"19783 Annott St, Detroit, MI 48205","Sales Pipeline","Appointment Scheduled","35000","https://www.zillow.com/homedetails/19783-Annott-St-Detroit-MI-48205/88265517_zpid/ | Agent: LaTrina Spencer 313-575-7987 | 58 days on market | Opening offer $8,000 / MAO ceiling $9,300"
"19479 Spencer St, Detroit, MI 48234","Sales Pipeline","Appointment Scheduled","90000","https://www.zillow.com/homedetails/19479-Spencer-St-Detroit-MI-48234/88717834_zpid/ | Agent: Ian Billock 586-243-4019 | PRICE DROP $5000 | Zest $86500 | 39 days on market | Opening offer $53,000 / MAO ceiling $60,200"
"9205 McKinney St, Detroit, MI 48224","Sales Pipeline","Appointment Scheduled","69000","https://www.zillow.com/homedetails/9205-McKinney-St-Detroit-MI-48224/88137110_zpid/ | Agent: Sam Berri 248-255-9114 | PRICE DROP $2000 | 59 days on market | Opening offer $37,500 / MAO ceiling $42,620"
"7667 Ellsworth St, Detroit, MI 48238","Sales Pipeline","Appointment Scheduled","54999","https://www.zillow.com/homedetails/7667-Ellsworth-St-Detroit-MI-48238/88120872_zpid/ | Agent: Maricela Meza 313-433-1903 | 11 days on market | Opening offer $25,500 / MAO ceiling $28,899"
"8127 E Hildale St, Detroit, MI 48234","Sales Pipeline","Appointment Scheduled","22900","https://www.zillow.com/homedetails/8127-E-Hildale-St-Detroit-MI-48234/88484697_zpid/ | Agent: Leo Perchanok 248-965-0949 | 11 days on market | Opening offer $0 / MAO ceiling $0"
"17003 Tireman St, Detroit, MI 48228","Sales Pipeline","Appointment Scheduled","75000","https://www.zillow.com/homedetails/17003-Tireman-St-Detroit-MI-48228/88261870_zpid/ | Agent: Robin Martin 313-506-3009 | 17 days on market | Opening offer $42,500 / MAO ceiling $48,500"
"19234 Omira Ave, Detroit, MI 48203","Sales Pipeline","Appointment Scheduled","25000","https://www.zillow.com/homedetails/19234-Omira-Ave-Detroit-MI-48203/88640750_zpid/ | Agent: Keelie Thomas 810-333-2732 | 33 days on market | Opening offer $0 / MAO ceiling $0"
"19151 Rowe St, Detroit, MI 48205","Sales Pipeline","Appointment Scheduled","49900","https://www.zillow.com/homedetails/19151-Rowe-St-Detroit-MI-48205/88716065_zpid/ | Agent: Darryl Howard Coolin 810-874-0349 | 12 days on market | Opening offer $21,000 / MAO ceiling $23,902"
"19639 Wexford St, Detroit, MI 48234","Sales Pipeline","Appointment Scheduled","42900","https://www.zillow.com/homedetails/19639-Wexford-St-Detroit-MI-48234/88256012_zpid/ | Agent: Kristian Freiwald 313-626-5996 | PRICE DROP $2000 | 52 days on market | Opening offer $15,000 / MAO ceiling $17,042"
"2905 Putnam St, Detroit, MI 48208","Sales Pipeline","Appointment Scheduled","60000","https://www.zillow.com/homedetails/2905-Putnam-St-Detroit-MI-48208/88552133_zpid/ | Agent: Alex Lauer 313-974-1830 | 48 days on market | Opening offer $29,500 / MAO ceiling $33,800"
"5565 Fairview St, Detroit, MI 48213","Sales Pipeline","Appointment Scheduled","70000","https://www.zillow.com/homedetails/5565-Fairview-St-Detroit-MI-48213/88488772_zpid/ | Agent: Gaston Munoz 313-914-7545 | Opening offer $38,500 / MAO ceiling $43,600"
"16610 Collingham Dr, Detroit, MI 48205","Sales Pipeline","Appointment Scheduled","139900","https://www.zillow.com/homedetails/16610-Collingham-Dr-Detroit-MI-48205/88209693_zpid/ | Agent: Mohamed Elkaluoby 313-801-9744 | PRICE DROP $5000 | Zest $144800 | 40 days on market | Opening offer $87,000 / MAO ceiling $99,122"
"18918 Dresden St, Detroit, MI 48205","Sales Pipeline","Appointment Scheduled","75000","https://www.zillow.com/homedetails/18918-Dresden-St-Detroit-MI-48205/88715965_zpid/ | Agent: Erica Coleman 313-587-6133 | 5 days on market | Opening offer $42,500 / MAO ceiling $48,500"
"20257 Omira St, Highland Park, MI 48203","Sales Pipeline","Appointment Scheduled","23000","https://www.zillow.com/homedetails/20257-Omira-St-Highland-Park-MI-48203/448322791_zpid/ | Agent: Keelie Thomas 810-333-2732 | 32 days on market | Opening offer $0 / MAO ceiling $0"
"3417 Gray St, Detroit, MI 48215","Sales Pipeline","Appointment Scheduled","23700","https://www.zillow.com/homedetails/3417-Gray-St-Detroit-MI-48215/88161505_zpid/ | Agent: Leo Perchanok 248-965-0949 | PRICE DROP $1800 | 58 days on market | Opening offer $0 / MAO ceiling $0"
"14337 Dacosta St, Detroit, MI 48223","Sales Pipeline","Appointment Scheduled","22000","https://www.zillow.com/homedetails/14337-Dacosta-St-Detroit-MI-48223/88611255_zpid/ | Agent: Keelie Thomas 810-333-2732 | 34 days on market | Opening offer $0 / MAO ceiling $0"
"12304 Wyoming Ave, Detroit, MI 48204","Sales Pipeline","Appointment Scheduled","35000","https://www.zillow.com/homedetails/12304-Wyoming-Ave-Detroit-MI-48204/462962109_zpid/ | Agent: TJ Brisbois 734-237-9974 | 9 days on market | Opening offer $8,000 / MAO ceiling $9,300"
"7777 W Outer Dr, Detroit, MI 48235","Sales Pipeline","Appointment Scheduled","35000","https://www.zillow.com/homedetails/7777-W-Outer-Dr-Detroit-MI-48235/88372162_zpid/ | Agent: LaTrina Spencer 313-575-7987 | PRICE DROP $5000 | 46 days on market | Opening offer $8,000 / MAO ceiling $9,300"
"9261 Camley St, Detroit, MI 48224","Sales Pipeline","Appointment Scheduled","39900","https://www.zillow.com/homedetails/9261-Camley-St-Detroit-MI-48224/88742509_zpid/ | Agent: James Munro 586-630-7470 | PRICE DROP $4100 | 67 days on market | Opening offer $12,500 / MAO ceiling $14,102"
"15351 Petoskey Ave, Detroit, MI 48238","Sales Pipeline","Appointment Scheduled","72900","https://www.zillow.com/homedetails/15351-Petoskey-Ave-Detroit-MI-48238/88233051_zpid/ | Agent: Greg Majewski 248-564-1972 | 19 days on market | Opening offer $41,000 / MAO ceiling $46,442"
"1523 E Nevada St, Detroit, MI 48203","Sales Pipeline","Appointment Scheduled","45000","https://www.zillow.com/homedetails/1523-E-Nevada-St-Detroit-MI-48203/88495323_zpid/ | Agent: Ju'Vonne Williams 313-622-2514 | 31 days on market | Opening offer $17,000 / MAO ceiling $19,100"
"4153 Concord St, Detroit, MI 48207","Sales Pipeline","Appointment Scheduled","89000","https://www.zillow.com/homedetails/4153-Concord-St-Detroit-MI-48207/88591231_zpid/ | Agent: Arianna Lee 313-401-9190 | PRICE DROP $3000 | 40 days on market | Opening offer $52,500 / MAO ceiling $59,420"
"13566 Northlawn St, Detroit, MI 48238","Sales Pipeline","Appointment Scheduled","155000","https://www.zillow.com/homedetails/13566-Northlawn-St-Detroit-MI-48238/454275496_zpid/ | Agent: Michael Perna 248-886-4450 | Zest $149200 | 40 days on market | Opening offer $97,500 / MAO ceiling $110,900"
"18968 E Northlawn St E, Detroit, MI 48221","Sales Pipeline","Appointment Scheduled","169999","https://www.zillow.com/homedetails/18968-E-Northlawn-St-E-Detroit-MI-48221/462224934_zpid/ | Agent: Diana Mannino 248-205-0181 | PRICE DROP $15000 | Zest $169000 | 45 days on market | Opening offer $108,000 / MAO ceiling $122,599"
"12664 Kelly Rd, Detroit, MI 48224","Sales Pipeline","Appointment Scheduled","35000","https://www.zillow.com/homedetails/12664-Kelly-Rd-Detroit-MI-48224/88075700_zpid/ | Agent: Anya Chamberlain 248-422-6962 | PRICE DROP $5000 | 13 days on market | Opening offer $8,000 / MAO ceiling $9,300"
"12717 Riad St, Grosse Pointe, MI 48224","Sales Pipeline","Appointment Scheduled","84900","https://www.zillow.com/homedetails/12717-Riad-St-Grosse-Pointe-MI-48224/88123963_zpid/ | Agent: Albert Hakim 586-799-8000 | PRICE DROP $5000 | 72 days on market | Opening offer $49,500 / MAO ceiling $56,222"
"4538 Larkspur St, Houston, TX 77051","Sales Pipeline","Appointment Scheduled","150000","https://www.zillow.com/homedetails/4538-Larkspur-St-Houston-TX-77051/27907738_zpid/ | Agent: Tucker May 713-402-8719 | 24 days on market | Opening offer $94,000 / MAO ceiling $107,000"
"4235 Elmwood St, Houston, TX 77051","Sales Pipeline","Appointment Scheduled","200000","https://www.zillow.com/homedetails/4235-Elmwood-St-Houston-TX-77051/97598829_zpid/ | Agent: Shelby Crowe 956-564-9335 | 84 days on market | Opening offer $124,000 / MAO ceiling $141,000"
"213 Hogan St, Houston, TX 77009","Sales Pipeline","Appointment Scheduled","250000","https://www.zillow.com/homedetails/213-Hogan-St-Houston-TX-77009/27741291_zpid/ | Agent: Pablo Martinez 832-771-8400 | Zest $233200 | 69 days on market | Opening offer $158,500 / MAO ceiling $180,000"
"8622 Othello St, Houston, TX 77029","Sales Pipeline","Appointment Scheduled","160000","https://www.zillow.com/homedetails/8622-Othello-St-Houston-TX-77029/28007193_zpid/ | Agent: Jeffrey Tarver 281-770-7550 | 75 days on market | Opening offer $101,000 / MAO ceiling $114,800"
"7707 Candlegreen Ln, Houston, TX 77071","Sales Pipeline","Appointment Scheduled","260000","https://www.zillow.com/homedetails/7707-Candlegreen-Ln-Houston-TX-77071/28232154_zpid/ | Agent: Clarence Smith 713-550-0147 | Zest $251400 | 81 days on market | Opening offer $165,500 / MAO ceiling $187,800"
"12807 Crystal Cove Dr, Houston, TX 77044","Sales Pipeline","Appointment Scheduled","209900","https://www.zillow.com/homedetails/12807-Crystal-Cove-Dr-Houston-TX-77044/28291612_zpid/ | Agent: Jamehia Thibeaux 832-469-3344 | Zest $205900 | 4 days on market | Opening offer $131,000 / MAO ceiling $148,722"
"9310 Laura Koppe Rd, Houston, TX 77078","Sales Pipeline","Appointment Scheduled","140000","https://www.zillow.com/homedetails/9310-Laura-Koppe-Rd-Houston-TX-77078/28024296_zpid/ | Agent: Tyiece Green 281-883-7227 | Zest $134600 | 67 days on market | Opening offer $87,500 / MAO ceiling $99,200"
"8215 Leather Market St, Houston, TX 77064","Sales Pipeline","Appointment Scheduled","225000","https://www.zillow.com/homedetails/8215-Leather-Market-St-Houston-TX-77064/28201733_zpid/ | Agent: Bryton Daniel 979-575-9103 | Zest $225100 | 6 days on market | Opening offer $141,000 / MAO ceiling $160,500"
"16203 Barbarossa Dr, Houston, TX 77083","Sales Pipeline","Appointment Scheduled","139900","https://www.zillow.com/homedetails/16203-Barbarossa-Dr-Houston-TX-77083/27580595_zpid/ | Agent: Sergio De La Llata 832-895-1618 | PRICE DROP $5000 | Zest $135000 | 39 days on market | Opening offer $87,000 / MAO ceiling $99,122"
"8101 Howard Dr, Houston, TX 77017","Sales Pipeline","Appointment Scheduled","150000","https://www.zillow.com/homedetails/8101-Howard-Dr-Houston-TX-77017/27839382_zpid/ | Agent: Jimmy Franklin 281-949-6362 | Zest $150200 | 3 days on market | Opening offer $94,000 / MAO ceiling $107,000"
"9650 Highmeadow Dr, Houston, TX 77063","Sales Pipeline","Appointment Scheduled","269000","https://www.zillow.com/homedetails/9650-Highmeadow-Dr-Houston-TX-77063/28033600_zpid/ | Agent: John Sutter 713-560-6303 | PRICE DROP $10000 | Zest $265000 | 72 days on market | Opening offer $171,500 / MAO ceiling $194,820"
"17602 Wild Willow Ln, Houston, TX 77084","Sales Pipeline","Appointment Scheduled","250000","https://www.zillow.com/homedetails/17602-Wild-Willow-Ln-Houston-TX-77084/28330346_zpid/ | 9 days on market | Opening offer $158,500 / MAO ceiling $180,000"
"5930 Guadalupe St, Houston, TX 77016","Sales Pipeline","Appointment Scheduled","139950","https://www.zillow.com/homedetails/5930-Guadalupe-St-Houston-TX-77016/28052602_zpid/ | Agent: Luciano Aires 713-470-8980 | 89 days on market | Opening offer $87,500 / MAO ceiling $99,161"
"7538 Bywood St, Houston, TX 77028","Sales Pipeline","Appointment Scheduled","160585","https://www.zillow.com/homedetails/7538-Bywood-St-Houston-TX-77028/27970729_zpid/ | Agent: Victoria Testerman 615-471-7363 | Zest $158700 | 9 days on market | Opening offer $101,500 / MAO ceiling $115,256"
"8614 Fringewood Dr, Houston, TX 77028","Sales Pipeline","Appointment Scheduled","75000","https://www.zillow.com/homedetails/8614-Fringewood-Dr-Houston-TX-77028/27960847_zpid/ | Agent: Joey Williams 561-685-6566 | PRICE DROP $4900 | 25 days on market | Opening offer $42,500 / MAO ceiling $48,500"
"3431 Sayers St, Houston, TX 77026","Sales Pipeline","Appointment Scheduled","130000","https://www.zillow.com/homedetails/3431-Sayers-St-Houston-TX-77026/27924696_zpid/ | Agent: Jalisa James 832-977-7582 | Zest $129700 | 8 days on market | Opening offer $80,500 / MAO ceiling $91,400"
"4923 Saxon Dr, Houston, TX 77092","Sales Pipeline","Appointment Scheduled","260000","https://www.zillow.com/homedetails/4923-Saxon-Dr-Houston-TX-77092/28015760_zpid/ | Agent: Lisa Cloud 713-269-5114 | PRICE DROP $25000 | Zest $251700 | 18 days on market | Opening offer $165,500 / MAO ceiling $187,800"
"11831 Bee Ln, Houston, TX 77067","Sales Pipeline","Appointment Scheduled","142300","https://www.zillow.com/homedetails/11831-Bee-Ln-Houston-TX-77067/28227243_zpid/ | Agent: Dana Rowell 770-933-6678 | 87 days on market | Opening offer $89,000 / MAO ceiling $100,994"
"9331 Laura Koppe Rd, Houston, TX 77078","Sales Pipeline","Appointment Scheduled","130000","https://www.zillow.com/homedetails/9331-Laura-Koppe-Rd-Houston-TX-77078/28024247_zpid/ | Agent: Tyiece Green 281-883-7227 | Zest $124700 | 67 days on market | Opening offer $80,500 / MAO ceiling $91,400"
"2034 Lakeville Dr, Humble, TX 77339","Sales Pipeline","Appointment Scheduled","275000","https://www.zillow.com/homedetails/2034-Lakeville-Dr-Humble-TX-77339/28301089_zpid/ | Agent: Amy Hersey 281-323-8872 | Zest $274400 | 11 days on market | Opening offer $175,500 / MAO ceiling $199,500"
"8506 McDade St, Houston, TX 77080","Sales Pipeline","Appointment Scheduled","238000","https://www.zillow.com/homedetails/8506-McDade-St-Houston-TX-77080/28011055_zpid/ | Agent: Sean Namli 346-262-8677 | PRICE DROP $10900 | Zest $226300 | 31 days on market | Opening offer $150,000 / MAO ceiling $170,640"
"8511 Little River Rd, Houston, TX 77064","Sales Pipeline","Appointment Scheduled","199990","https://www.zillow.com/homedetails/8511-Little-River-Rd-Houston-TX-77064/28201766_zpid/ | Agent: Meredith Davis 713-858-7090 | Zest $199400 | 9 days on market | Opening offer $128,500 / MAO ceiling $145,992"
"6159 Lyndhurst Dr, Houston, TX 77033","Sales Pipeline","Appointment Scheduled","172900","https://www.zillow.com/homedetails/6159-Lyndhurst-Dr-Houston-TX-77033/28015565_zpid/ | Agent: Samantha Reaves 281-728-3559 | Zest $166600 | 39 days on market | Opening offer $110,000 / MAO ceiling $124,862"
"3502 Goodhope St, Houston, TX 77021","Sales Pipeline","Appointment Scheduled","159999","https://www.zillow.com/homedetails/3502-Goodhope-St-Houston-TX-77021/84024603_zpid/ | Agent: Mohammad Khatri 281-660-1783 | 24 days on market | Opening offer $101,000 / MAO ceiling $114,799"
"7305 Tremper St, Houston, TX 77020","Sales Pipeline","Appointment Scheduled","260000","https://www.zillow.com/homedetails/7305-Tremper-St-Houston-TX-77020/27757677_zpid/ | Agent: Kashmir Cortave 713-299-2850 | Zest $250500 | 17 days on market | Opening offer $165,500 / MAO ceiling $187,800"
"423 Exchange St, Houston, TX 77020","Sales Pipeline","Appointment Scheduled","165000","https://www.zillow.com/homedetails/423-Exchange-St-Houston-TX-77020/27998468_zpid/ | Agent: Alex Raygoza 713-447-2923 | 50 days on market | Opening offer $104,500 / MAO ceiling $118,700"
"1086 Horne St, Houston, TX 77088","Sales Pipeline","Appointment Scheduled","120000","https://www.zillow.com/homedetails/1086-Horne-St-Houston-TX-77088/27857765_zpid/ | Agent: Starr Charles 281-841-5561 | 13 days on market | Opening offer $73,500 / MAO ceiling $83,600"
"7106 Tierwester St, Houston, TX 77021","Sales Pipeline","Appointment Scheduled","145000","https://www.zillow.com/homedetails/7106-Tierwester-St-Houston-TX-77021/27921918_zpid/ | Agent: Sidra Jefferson 713-851-8618 | 45 days on market | Opening offer $90,500 / MAO ceiling $103,100"
"3814 Hardy St, Houston, TX 77009","Sales Pipeline","Appointment Scheduled","185000","https://www.zillow.com/homedetails/3814-Hardy-St-Houston-TX-77009/27776393_zpid/ | Agent: Derek Lewis 713-259-2921 | PRICE DROP $7500 | 29 days on market | Opening offer $118,000 / MAO ceiling $134,300"
"412 N Bryan St, Houston, TX 77011","Sales Pipeline","Appointment Scheduled","199900","https://www.zillow.com/homedetails/412-N-Bryan-St-Houston-TX-77011/84021926_zpid/ | Agent: Starr Charles 281-841-5561 | Zest $193200 | 67 days on market | Opening offer $128,500 / MAO ceiling $145,922"
"3818 Hardy St, Houston, TX 77009","Sales Pipeline","Appointment Scheduled","235000","https://www.zillow.com/homedetails/3818-Hardy-St-Houston-TX-77009/27776392_zpid/ | Agent: Derek Lewis 713-259-2921 | 27 days on market | Opening offer $148,000 / MAO ceiling $168,300"
"9314 Woodlyn Rd, Houston, TX 77078","Sales Pipeline","Appointment Scheduled","138000","https://www.zillow.com/homedetails/9314-Woodlyn-Rd-Houston-TX-77078/28024240_zpid/ | Agent: Tyiece Green 281-883-7227 | Zest $133000 | 67 days on market | Opening offer $86,000 / MAO ceiling $97,640"
"6627 Eastwood St, Houston, TX 77021","Sales Pipeline","Appointment Scheduled","180000","https://www.zillow.com/homedetails/6627-Eastwood-St-Houston-TX-77021/27779196_zpid/ | Agent: Ray Humphrey 281-300-4708 | 34 days on market | Opening offer $115,000 / MAO ceiling $130,400"
"6826 Larkstone St, Houston, TX 77028","Sales Pipeline","Appointment Scheduled","130000","https://www.zillow.com/homedetails/6826-Larkstone-St-Houston-TX-77028/27913993_zpid/ | Agent: Martina McNickles 832-396-0277 | 40 days on market | Opening offer $80,500 / MAO ceiling $91,400"
"5223 Heathercrest St, Houston, TX 77045","Sales Pipeline","Appointment Scheduled","238980","https://www.zillow.com/homedetails/5223-Heathercrest-St-Houston-TX-77045/28029712_zpid/ | Agent: Eduardo Raudez 832-985-2750 | Zest $232500 | 45 days on market | Opening offer $151,000 / MAO ceiling $171,404"
"3010 Hartwick Rd, Houston, TX 77093","Sales Pipeline","Appointment Scheduled","85000","https://www.zillow.com/homedetails/3010-Hartwick-Rd-Houston-TX-77093/80565057_zpid/ | Agent: Jamie Derouen 832-876-0890 | 10 days on market | Opening offer $49,500 / MAO ceiling $56,300"
"3403 Tidewater Dr, Houston, TX 77045","Sales Pipeline","Appointment Scheduled","159000","https://www.zillow.com/homedetails/3403-Tidewater-Dr-Houston-TX-77045/28181064_zpid/ | Agent: John Williams 713-492-1163 | Zest $153800 | 41 days on market | Opening offer $100,500 / MAO ceiling $114,020"
"11718 Coachfield Ln, Houston, TX 77035","Sales Pipeline","Appointment Scheduled","169900","https://www.zillow.com/homedetails/11718-Coachfield-Ln-Houston-TX-77035/28342812_zpid/ | Agent: John Williams 713-492-1163 | Zest $166400 | 40 days on market | Opening offer $108,000 / MAO ceiling $122,522"
"314 Capehill Dr, Webster, TX 77598","Sales Pipeline","Appointment Scheduled","220000","https://www.zillow.com/homedetails/314-Capehill-Dr-Webster-TX-77598/28425167_zpid/ | Agent: Cassandra Booker 832-372-9771 | Zest $218400 | 10 days on market | Opening offer $138,000 / MAO ceiling $156,600"
"315 Gober St, Houston, TX 77017","Sales Pipeline","Appointment Scheduled","250000","https://www.zillow.com/homedetails/315-Gober-St-Houston-TX-77017/28001827_zpid/ | Agent: Nelly Montoya 832-560-5578 | Zest $239800 | 72 days on market | Opening offer $158,500 / MAO ceiling $180,000"
"8043 Wier Dr, Houston, TX 77017","Sales Pipeline","Appointment Scheduled","220000","https://www.zillow.com/homedetails/8043-Wier-Dr-Houston-TX-77017/27839699_zpid/ | Agent: Vanessa Fuentes 713-907-8059 | Zest $212200 | 36 days on market | Opening offer $138,000 / MAO ceiling $156,600"
"10707 Carvel Ln, Houston, TX 77072","Sales Pipeline","Appointment Scheduled","179000","https://www.zillow.com/homedetails/10707-Carvel-Ln-Houston-TX-77072/28120967_zpid/ | Agent: Milton Cortez 832-213-7654 | Zest $175200 | 12 days on market | Opening offer $114,000 / MAO ceiling $129,620"
"6702 Tierwester St, Houston, TX 77021","Sales Pipeline","Appointment Scheduled","145000","https://www.zillow.com/homedetails/6702-Tierwester-St-Houston-TX-77021/27950618_zpid/ | Agent: Carolyn Matthews 713-640-1199 | 33 days on market | Opening offer $90,500 / MAO ceiling $103,100"
"10243 Mills Run Dr, Houston, TX 77070","Sales Pipeline","Appointment Scheduled","279999","https://www.zillow.com/homedetails/10243-Mills-Run-Dr-Houston-TX-77070/80574681_zpid/ | Agent: Ricardo Wilson 832-688-5436 | Zest $278500 | 13 days on market | Opening offer $179,000 / MAO ceiling $203,399"
"4114 Averill St, Houston, TX 77009","Sales Pipeline","Appointment Scheduled","199000","https://www.zillow.com/homedetails/4114-Averill-St-Houston-TX-77009/27763553_zpid/ | Agent: Kristian Hurley 409-789-3573 | PRICE DROP $21000 | Zest $190400 | 13 days on market | Opening offer $128,000 / MAO ceiling $145,220"
"5935 Glenhurst Dr, Houston, TX 77033","Sales Pipeline","Appointment Scheduled","110000","https://www.zillow.com/homedetails/5935-Glenhurst-Dr-Houston-TX-77033/27968272_zpid/ | Agent: Fany Gomez 832-853-1133 | 8 days on market | Opening offer $66,500 / MAO ceiling $75,800"
"4909 Falls St, Houston, TX 77026","Sales Pipeline","Appointment Scheduled","120000","https://www.zillow.com/homedetails/4909-Falls-St-Houston-TX-77026/27843369_zpid/ | Agent: Jay Bustos 832-542-4037 | PRICE DROP $30000 | 68 days on market | Opening offer $73,500 / MAO ceiling $83,600"
"16643 Seawolf Dr, Houston, TX 77062","Sales Pipeline","Appointment Scheduled","255000","https://www.zillow.com/homedetails/16643-Seawolf-Dr-Houston-TX-77062/28155853_zpid/ | Agent: Acencion Martinez 832-398-4143 | PRICE DROP $4900 | 53 days on market | Opening offer $162,000 / MAO ceiling $183,900"
"12610 S Coast Dr, Houston, TX 77047","Sales Pipeline","Appointment Scheduled","155000","https://www.zillow.com/homedetails/12610-S-Coast-Dr-Houston-TX-77047/28113504_zpid/ | Agent: Brandt Henderson 337-292-9584 | PRICE DROP $5000 | Zest $155400 | 37 days on market | Opening offer $97,500 / MAO ceiling $110,900"
"5330 Longmeadow St, Houston, TX 77033","Sales Pipeline","Appointment Scheduled","189000","https://www.zillow.com/homedetails/5330-Longmeadow-St-Houston-TX-77033/80513449_zpid/ | Agent: Shoaib Hussain 713-459-6655 | Zest $197000 | 40 days on market | Opening offer $121,000 / MAO ceiling $137,420"
"919 Christine St, Houston, TX 77017","Sales Pipeline","Appointment Scheduled","175000","https://www.zillow.com/homedetails/919-Christine-St-Houston-TX-77017/27955357_zpid/ | Agent: Alejandro Cardona 832-807-4901 | PRICE DROP $15000 | Zest $168500 | 33 days on market | Opening offer $111,500 / MAO ceiling $126,500"
"7641 Delavan Dr, Houston, TX 77028","Sales Pipeline","Appointment Scheduled","150000","https://www.zillow.com/homedetails/7641-Delavan-Dr-Houston-TX-77028/27970870_zpid/ | Agent: Karina Soria 281-795-6175 | Zest $143300 | 52 days on market | Opening offer $94,000 / MAO ceiling $107,000"
"16127 Long Rd, Houston, TX 77044","Sales Pipeline","Appointment Scheduled","209900","https://www.zillow.com/homedetails/16127-Long-Rd-Houston-TX-77044/27802140_zpid/ | Agent: Stephanie Ross 713-822-0105 | Zest $204800 | 79 days on market | Opening offer $131,000 / MAO ceiling $148,722"
"105 Dresden St, Houston, TX 77012","Sales Pipeline","Appointment Scheduled","169500","https://www.zillow.com/homedetails/105-Dresden-St-Houston-TX-77012/27817359_zpid/ | Agent: Esmeralda Herrera 281-727-8229 | 52 days on market | Opening offer $107,500 / MAO ceiling $122,210"
"8402 Banting St, Houston, TX 77078","Sales Pipeline","Appointment Scheduled","140000","https://www.zillow.com/homedetails/8402-Banting-St-Houston-TX-77078/28036633_zpid/ | Agent: Tyiece Green 281-883-7227 | Zest $134900 | 67 days on market | Opening offer $87,500 / MAO ceiling $99,200"
"7613 Parker Rd, Houston, TX 77016","Sales Pipeline","Appointment Scheduled","154900","https://www.zillow.com/homedetails/7613-Parker-Rd-Houston-TX-77016/27995499_zpid/ | Agent: Denise Hackbarth 832-289-3226 | Zest $147100 | 81 days on market | Opening offer $97,500 / MAO ceiling $110,822"
"10407 Huntington Wood Dr, Houston, TX 77099","Sales Pipeline","Appointment Scheduled","165000","https://www.zillow.com/homedetails/10407-Huntington-Wood-Dr-Houston-TX-77099/28190826_zpid/ | Agent: Edward McClintick 888-227-1009 | Zest $165000 | 6 days on market | Opening offer $104,500 / MAO ceiling $118,700"
"17414 Turquoise Stream Dr, Houston, TX 77095","Sales Pipeline","Appointment Scheduled","1","https://www.zillow.com/homedetails/17414-Turquoise-Stream-Dr-Houston-TX-77095/58680072_zpid/ | Agent: Nancy Estes 832-493-9398 | 27 days on market | Opening offer $0 / MAO ceiling $0"
"4103 Sablemist Ct, Houston, TX 77014","Sales Pipeline","Appointment Scheduled","196900","https://www.zillow.com/homedetails/4103-Sablemist-Ct-Houston-TX-77014/28458187_zpid/ | Agent: Lache Harper 804-929-3688 | Zest $194000 | 18 days on market | Opening offer $126,500 / MAO ceiling $143,582"
"9426 Nyssa St, Houston, TX 77078","Sales Pipeline","Appointment Scheduled","1","https://www.zillow.com/homedetails/9426-Nyssa-St-Houston-TX-77078/97667918_zpid/ | Agent: Will Clark 281-412-3030 | PRICE DROP $10000 | 10 days on market | Opening offer $0 / MAO ceiling $0"
"12739 Skyknoll Ln, Houston, TX 77082","Sales Pipeline","Appointment Scheduled","225000","https://www.zillow.com/homedetails/12739-Skyknoll-Ln-Houston-TX-77082/28297530_zpid/ | Agent: Rose Forey 832-387-8242 | Zest $210500 | 3 days on market | Opening offer $141,000 / MAO ceiling $160,500"
"9334 Richland Dr, Houston, TX 77078","Sales Pipeline","Appointment Scheduled","140000","https://www.zillow.com/homedetails/9334-Richland-Dr-Houston-TX-77078/28036739_zpid/ | Agent: Tyiece Green 281-883-7227 | Zest $135500 | 67 days on market | Opening offer $87,500 / MAO ceiling $99,200"
"6633 Sandstone St, Houston, TX 77074","Sales Pipeline","Appointment Scheduled","200000","https://www.zillow.com/homedetails/6633-Sandstone-St-Houston-TX-77074/28003965_zpid/ | Agent: Edward Gomez 832-789-8595 | Zest $210500 | 2 days on market | Opening offer $124,000 / MAO ceiling $141,000"
"9303 Kingsflower Cir, Houston, TX 77075","Sales Pipeline","Appointment Scheduled","180000","https://www.zillow.com/homedetails/9303-Kingsflower-Cir-Houston-TX-77075/28425625_zpid/ | Agent: Thao Tran 346-234-3051 | Zest $179600 | 9 days on market | Opening offer $115,000 / MAO ceiling $130,400"
"4903 Canal St, Houston, TX 77011","Sales Pipeline","Appointment Scheduled","250000","https://www.zillow.com/homedetails/4903-Canal-St-Houston-TX-77011/27751193_zpid/ | Agent: Nancy De La Garza 832-570-9464 | Zest $240100 | 45 days on market | Opening offer $158,500 / MAO ceiling $180,000"
"3834 Shelley Blvd, Dallas, TX 75211","Sales Pipeline","Appointment Scheduled","175000","https://www.zillow.com/homedetails/3834-Shelley-Blvd-Dallas-TX-75211/26737377_zpid/ | Agent: Hannah Wallace 469-939-6142 | Zest $168200 | 13 days on market | Opening offer $111,500 / MAO ceiling $126,500"
"408 W Montana Ave, Dallas, TX 75224","Sales Pipeline","Appointment Scheduled","160000","https://www.zillow.com/homedetails/408-W-Montana-Ave-Dallas-TX-75224/26720523_zpid/ | Agent: Steven Nieves 469-360-3088 | 5 days on market | Opening offer $101,000 / MAO ceiling $114,800"
"3906 Metropolitan Ave, Dallas, TX 75210","Sales Pipeline","Appointment Scheduled","115000","https://www.zillow.com/homedetails/3906-Metropolitan-Ave-Dallas-TX-75210/26688660_zpid/ | Agent: Alex Barrientos 972-677-9172 | Zest $96000 | 2 days on market | Opening offer $70,000 / MAO ceiling $79,700"
"319 Avenue J, Dallas, TX 75203","Sales Pipeline","Appointment Scheduled","155000","https://www.zillow.com/homedetails/319-Avenue-J-Dallas-TX-75203/26728967_zpid/ | Agent: Gwendolyn Moore 972-293-4550 | Zest $124100 | 3 days on market | Opening offer $97,500 / MAO ceiling $110,900"
"4012 Shady Hollow Ln, Dallas, TX 75233","Sales Pipeline","Appointment Scheduled","295000","https://www.zillow.com/homedetails/4012-Shady-Hollow-Ln-Dallas-TX-75233/26827310_zpid/ | Agent: Chad Sellers 512-255-1800 | Zest $285400 | 35 days on market | Opening offer $189,500 / MAO ceiling $215,100"
"2628 Marfa Ave, Dallas, TX 75216","Sales Pipeline","Appointment Scheduled","130000","https://www.zillow.com/homedetails/2628-Marfa-Ave-Dallas-TX-75216/26767556_zpid/ | Agent: Gracie Jaimes 214-948-9444 | 53 days on market | Opening offer $80,500 / MAO ceiling $91,400"
"2637 Marbella Ln, Dallas, TX 75228","Sales Pipeline","Appointment Scheduled","195000","https://www.zillow.com/homedetails/2637-Marbella-Ln-Dallas-TX-75228/26840908_zpid/ | Agent: Michael Ma 469-337-4800 | Zest $192000 | 10 days on market | Opening offer $125,000 / MAO ceiling $142,100"
"2705 Warren Ave, Dallas, TX 75215","Sales Pipeline","Appointment Scheduled","179900","https://www.zillow.com/homedetails/2705-Warren-Ave-Dallas-TX-75215/26681495_zpid/ | Agent: Laura George 972-942-0222 | PRICE DROP $40100 | 54 days on market | Opening offer $114,500 / MAO ceiling $130,322"
"4971 Brigadoon Ln, Dallas, TX 75216","Sales Pipeline","Appointment Scheduled","230000","https://www.zillow.com/homedetails/4971-Brigadoon-Ln-Dallas-TX-75216/26776312_zpid/ | Agent: Comeiko Taylor 972-938-3636 | Zest $225600 | 25 days on market | Opening offer $144,500 / MAO ceiling $164,400"
"1112 E Ann Arbor Ave, Dallas, TX 75216","Sales Pipeline","Appointment Scheduled","157999","https://www.zillow.com/homedetails/1112-E-Ann-Arbor-Ave-Dallas-TX-75216/26775716_zpid/ | Agent: Christian Wallace 844-453-1398 | 8 days on market | Opening offer $99,500 / MAO ceiling $113,239"
"3403 Alabama Ave, Dallas, TX 75216","Sales Pipeline","Appointment Scheduled","130000","https://www.zillow.com/homedetails/3403-Alabama-Ave-Dallas-TX-75216/26774403_zpid/ | Agent: Joshua Little 972-270-2100 | 20 days on market | Opening offer $80,500 / MAO ceiling $91,400"
"711 S Montclair Ave, Dallas, TX 75208","Sales Pipeline","Appointment Scheduled","218000","https://www.zillow.com/homedetails/711-S-Montclair-Ave-Dallas-TX-75208/26713909_zpid/ | Agent: Chuck Edwards 972-282-8888 | PRICE DROP $24000 | 37 days on market | Opening offer $136,500 / MAO ceiling $155,040"
"4015 Shadrack Dr, Dallas, TX 75212","Sales Pipeline","Appointment Scheduled","155000","https://www.zillow.com/homedetails/4015-Shadrack-Dr-Dallas-TX-75212/26834831_zpid/ | Agent: Gracie Vela 214-738-5576 | 5 days on market | Opening offer $97,500 / MAO ceiling $110,900"
"2830 Colt Ln, Dallas, TX 75237","Sales Pipeline","Appointment Scheduled","270000","https://www.zillow.com/homedetails/2830-Colt-Ln-Dallas-TX-75237/80236340_zpid/ | Agent: Shonda Strives 888-519-7431 | Zest $267700 | 39 days on market | Opening offer $172,000 / MAO ceiling $195,600"
"2602 Falls Dr, Dallas, TX 75211","Sales Pipeline","Appointment Scheduled","185000","https://www.zillow.com/homedetails/2602-Falls-Dr-Dallas-TX-75211/26771262_zpid/ | Agent: Teresa Saldivar 817-891-9011 | Zest $180900 | 9 days on market | Opening offer $118,000 / MAO ceiling $134,300"
"2519 Chalk Hill Rd, Dallas, TX 75212","Sales Pipeline","Appointment Scheduled","274900","https://www.zillow.com/homedetails/2519-Chalk-Hill-Rd-Dallas-TX-75212/447506070_zpid/ | Agent: Graciela Solorzano 817-592-3008 | PRICE DROP $25000 | Zest $269300 | 59 days on market | Opening offer $175,500 / MAO ceiling $199,422"
"4010 Copeland St, Dallas, TX 75210","Sales Pipeline","Appointment Scheduled","225000","https://www.zillow.com/homedetails/4010-Copeland-St-Dallas-TX-75210/2061001719_zpid/ | Agent: Crystal Solensky 972-732-6000 | Zest $223000 | 13 days on market | Opening offer $141,000 / MAO ceiling $160,500"
"4006 Ambrose Dr, Dallas, TX 75241","Sales Pipeline","Appointment Scheduled","170000","https://www.zillow.com/homedetails/4006-Ambrose-Dr-Dallas-TX-75241/26821825_zpid/ | Agent: Deviasha Sharp-Ivory 866-277-6005 | PRICE DROP $20000 | Zest $190400 | 11 days on market | Opening offer $108,000 / MAO ceiling $122,600"
"2947 Appaloosa Dr, Dallas, TX 75237","Sales Pipeline","Appointment Scheduled","278000","https://www.zillow.com/homedetails/2947-Appaloosa-Dr-Dallas-TX-75237/67962773_zpid/ | Agent: Monika Dhand 972-836-9295 | PRICE DROP $7000 | Zest $276600 | 75 days on market | Opening offer $177,500 / MAO ceiling $201,840"
"4731 Stokes St, Dallas, TX 75216","Sales Pipeline","Appointment Scheduled","165000","https://www.zillow.com/homedetails/4731-Stokes-St-Dallas-TX-75216/26857154_zpid/ | Agent: Cherie Maurer 214-821-3336 | PRICE DROP $12500 | Zest $170100 | 27 days on market | Opening offer $104,500 / MAO ceiling $118,700"
"818 Winters St, Dallas, TX 75216","Sales Pipeline","Appointment Scheduled","195000","https://www.zillow.com/homedetails/818-Winters-St-Dallas-TX-75216/26716383_zpid/ | Agent: Frederick Reese 214-692-6400 | PRICE DROP $5000 | Zest $186600 | 83 days on market | Opening offer $125,000 / MAO ceiling $142,100"
"903 Cameron Ave, Dallas, TX 75223","Sales Pipeline","Appointment Scheduled","294900","https://www.zillow.com/homedetails/903-Cameron-Ave-Dallas-TX-75223/26685192_zpid/ | Agent: Leonel Gonzalez 210-844-8683 | Zest $282000 | 31 days on market | Opening offer $189,000 / MAO ceiling $215,022"
"106 N Briscoe Blvd, Dallas, TX 75211","Sales Pipeline","Appointment Scheduled","285000","https://www.zillow.com/homedetails/106-N-Briscoe-Blvd-Dallas-TX-75211/26728147_zpid/ | Agent: Jason Saucedo 214-303-1133 | PRICE DROP $14000 | Zest $268100 | 46 days on market | Opening offer $182,500 / MAO ceiling $207,300"
"1027 Hollywood Ave, Dallas, TX 75208","Sales Pipeline","Appointment Scheduled","200000","https://www.zillow.com/homedetails/1027-Hollywood-Ave-Dallas-TX-75208/26712373_zpid/ | Agent: Lily Moore 817-344-7034 | Zest $195200 | 16 days on market | Opening offer $124,000 / MAO ceiling $141,000"
"417 W Brooklyn Ave, Dallas, TX 75208","Sales Pipeline","Appointment Scheduled","230000","https://www.zillow.com/homedetails/417-W-Brooklyn-Ave-Dallas-TX-75208/26708831_zpid/ | Agent: Cole McCullough 469-919-2647 | PRICE DROP $29000 | 24 days on market | Opening offer $144,500 / MAO ceiling $164,400"
"2248 Cooper St, Dallas, TX 75215","Sales Pipeline","Appointment Scheduled","210000","https://www.zillow.com/homedetails/2248-Cooper-St-Dallas-TX-75215/26686503_zpid/ | Agent: Vanessa Brandt 972-954-4791 | 82 days on market | Opening offer $131,000 / MAO ceiling $148,800"
"4818 Jesus Maria Ct, Dallas, TX 75236","Sales Pipeline","Appointment Scheduled","274000","https://www.zillow.com/homedetails/4818-Jesus-Maria-Ct-Dallas-TX-75236/96509279_zpid/ | Agent: Monika Dhand 972-836-9295 | PRICE DROP $5900 | Zest $273600 | 61 days on market | Opening offer $175,000 / MAO ceiling $198,720"
"2631 Mike St, Dallas, TX 75212","Sales Pipeline","Appointment Scheduled","209900","https://www.zillow.com/homedetails/2631-Mike-St-Dallas-TX-75212/26836595_zpid/ | Agent: David Montgomery 972-399-0339 | Zest $203800 | 44 days on market | Opening offer $131,000 / MAO ceiling $148,722"
"11827 Gaston Pkwy, Dallas, TX 75218","Sales Pipeline","Appointment Scheduled","215000","https://www.zillow.com/homedetails/11827-Gaston-Pkwy-Dallas-TX-75218/162293856_zpid/ | Agent: Karla Valadez 469-209-5488 | Zest $209700 | 12 days on market | Opening offer $134,500 / MAO ceiling $152,700"
"905 Ann Ave, Dallas, TX 75223","Sales Pipeline","Appointment Scheduled","239000","https://www.zillow.com/homedetails/905-Ann-Ave-Dallas-TX-75223/26681212_zpid/ | Agent: Jack McLemore 817-283-5134 | PRICE DROP $16000 | Zest $228500 | 75 days on market | Opening offer $151,000 / MAO ceiling $171,420"
"8710 Files St, Dallas, TX 75217","Sales Pipeline","Appointment Scheduled","125000","https://www.zillow.com/homedetails/8710-Files-St-Dallas-TX-75217/26802158_zpid/ | Agent: Shannon Haury 972-772-9300 | 20 days on market | Opening offer $77,000 / MAO ceiling $87,500"
"1918 Michigan Ave, Dallas, TX 75216","Sales Pipeline","Appointment Scheduled","270000","https://www.zillow.com/homedetails/1918-Michigan-Ave-Dallas-TX-75216/26715319_zpid/ | Agent: Marcelo Viquez 214-523-3300 | Zest $268500 | 11 days on market | Opening offer $172,000 / MAO ceiling $195,600"
"2526 Exline St, Dallas, TX 75215","Sales Pipeline","Appointment Scheduled","219990","https://www.zillow.com/homedetails/2526-Exline-St-Dallas-TX-75215/26687193_zpid/ | Agent: Margarita Hayden 972-267-4400 | Zest $205200 | 24 days on market | Opening offer $138,000 / MAO ceiling $156,592"
"4111 Mehalia Dr, Dallas, TX 75241","Sales Pipeline","Appointment Scheduled","184900","https://www.zillow.com/homedetails/4111-Mehalia-Dr-Dallas-TX-75241/26821845_zpid/ | Agent: Alicia Toney 214-826-0316 | PRICE DROP $10000 | 66 days on market | Opening offer $118,000 / MAO ceiling $134,222"
"8525 Oak Haven Ln, Dallas, TX 75217","Sales Pipeline","Appointment Scheduled","165000","https://www.zillow.com/homedetails/8525-Oak-Haven-Ln-Dallas-TX-75217/26860995_zpid/ | Agent: Genaro Garcia 972-401-1400 | Zest $155900 | 17 days on market | Opening offer $104,500 / MAO ceiling $118,700"
"1810 Atlas Dr, Dallas, TX 75216","Sales Pipeline","Appointment Scheduled","185000","https://www.zillow.com/homedetails/1810-Atlas-Dr-Dallas-TX-75216/26725004_zpid/ | Agent: Norma Coronado 214-554-0308 | PRICE DROP $10000 | 19 days on market | Opening offer $118,000 / MAO ceiling $134,300"
"5151 S Denley Dr, Dallas, TX 75241","Sales Pipeline","Appointment Scheduled","190000","https://www.zillow.com/homedetails/5151-S-Denley-Dr-Dallas-TX-75241/26725291_zpid/ | Agent: Tamara Lias 214-684-6658 | Zest $182100 | 52 days on market | Opening offer $121,500 / MAO ceiling $138,200"
"2640 Cypress Ave, Dallas, TX 75227","Sales Pipeline","Appointment Scheduled","199999","https://www.zillow.com/homedetails/2640-Cypress-Ave-Dallas-TX-75227/26820046_zpid/ | Agent: William Sanders 972-777-4141 | 10 days on market | Opening offer $128,500 / MAO ceiling $145,999"
"7419 Lake June Rd, Dallas, TX 75217","Sales Pipeline","Appointment Scheduled","239900","https://www.zillow.com/homedetails/7419-Lake-June-Rd-Dallas-TX-75217/26795736_zpid/ | Agent: Carmen Rios 214-608-8142 | PRICE DROP $10000 | 8 days on market | Opening offer $151,500 / MAO ceiling $172,122"
"2522 Wilhurt Ave, Dallas, TX 75216","Sales Pipeline","Appointment Scheduled","160000","https://www.zillow.com/homedetails/2522-Wilhurt-Ave-Dallas-TX-75216/67961530_zpid/ | Agent: Valeria Tuggle 817-592-3008 | 15 days on market | Opening offer $101,000 / MAO ceiling $114,800"
"6224 Highland Hills Dr, Dallas, TX 75241","Sales Pipeline","Appointment Scheduled","130000","https://www.zillow.com/homedetails/6224-Highland-Hills-Dr-Dallas-TX-75241/26822180_zpid/ | Agent: Reid Hill 214-729-3490 | Zest $180100 | 4 days on market | Opening offer $80,500 / MAO ceiling $91,400"
"3013 Emmett St, Dallas, TX 75211","Sales Pipeline","Appointment Scheduled","220000","https://www.zillow.com/homedetails/3013-Emmett-St-Dallas-TX-75211/26733960_zpid/ | Agent: Danielle Zarate 972-980-9393 | Zest $233800 | 3 days on market | Opening offer $138,000 / MAO ceiling $156,600"
"9404 Pinehaven Dr, Dallas, TX 75227","Sales Pipeline","Appointment Scheduled","229000","https://www.zillow.com/homedetails/9404-Pinehaven-Dr-Dallas-TX-75227/26909557_zpid/ | Agent: Aminat Sodiq Oladunni 214-766-5833 | PRICE DROP $20900 | Zest $223900 | 65 days on market | Opening offer $144,000 / MAO ceiling $163,620"
"3039 Gibbs Williams Rd, Dallas, TX 75233","Sales Pipeline","Appointment Scheduled","199999","https://www.zillow.com/homedetails/3039-Gibbs-Williams-Rd-Dallas-TX-75233/26828419_zpid/ | Agent: Felicia Allen Grace 888-455-6040 | PRICE DROP $30001 | 56 days on market | Opening offer $128,500 / MAO ceiling $145,999"
"726 Helena Ave, Dallas, TX 75217","Sales Pipeline","Appointment Scheduled","119999","https://www.zillow.com/homedetails/726-Helena-Ave-Dallas-TX-75217/26796801_zpid/ | Agent: Gladys Coria-Keatts 214-625-3297 | 20 days on market | Opening offer $73,500 / MAO ceiling $83,599"
"1648 Tampa Bay Dr, Dallas, TX 75217","Sales Pipeline","Appointment Scheduled","249997","https://www.zillow.com/homedetails/1648-Tampa-Bay-Dr-Dallas-TX-75217/89377914_zpid/ | Agent: Brian Pina 210-331-7000 | PRICE DROP $20002 | Zest $241000 | 32 days on market | Opening offer $158,500 / MAO ceiling $179,998"
"10339 Limestone Dr, Dallas, TX 75217","Sales Pipeline","Appointment Scheduled","150000","https://www.zillow.com/homedetails/10339-Limestone-Dr-Dallas-TX-75217/26907606_zpid/ | Agent: Jami Carey 972-771-8163 | Zest $146200 | 23 days on market | Opening offer $94,000 / MAO ceiling $107,000"
"6451 Moonhill Dr, Dallas, TX 75241","Sales Pipeline","Appointment Scheduled","154300","https://www.zillow.com/homedetails/6451-Moonhill-Dr-Dallas-TX-75241/26878494_zpid/ | Agent: Michael Webb 214-550-6445 | PRICE DROP $13200 | 89 days on market | Opening offer $97,000 / MAO ceiling $110,354"
"1023 Crow Ct, Grand Prairie, TX 75051","Sales Pipeline","Appointment Scheduled","269000","https://www.zillow.com/homedetails/1023-Crow-Ct-Grand-Prairie-TX-75051/96527792_zpid/ | Agent: Michael Ewers 817-328-6125 | Zest $264400 | 3 days on market | Opening offer $171,500 / MAO ceiling $194,820"
"4737 Kildare Ave, Dallas, TX 75216","Sales Pipeline","Appointment Scheduled","129500","https://www.zillow.com/homedetails/4737-Kildare-Ave-Dallas-TX-75216/26725009_zpid/ | Agent: Allie Baccus 972-732-6000 | PRICE DROP $10000 | 52 days on market | Opening offer $80,000 / MAO ceiling $91,010"
"3644 Kimball Ridge Pl, Dallas, TX 75233","Sales Pipeline","Appointment Scheduled","214900","https://www.zillow.com/homedetails/3644-Kimball-Ridge-Pl-Dallas-TX-75233/26826963_zpid/ | Agent: Michael Ewers 817-328-6125 | 5 days on market | Opening offer $134,500 / MAO ceiling $152,622"
"10431 Kinslow Dr, Dallas, TX 75217","Sales Pipeline","Appointment Scheduled","189000","https://www.zillow.com/homedetails/10431-Kinslow-Dr-Dallas-TX-75217/26860366_zpid/ | Agent: John Alvarez 972-914-0989 | PRICE DROP $6000 | Zest $184700 | 37 days on market | Opening offer $121,000 / MAO ceiling $137,420"
"6525 Palm Island St, Dallas, TX 75241","Sales Pipeline","Appointment Scheduled","160000","https://www.zillow.com/homedetails/6525-Palm-Island-St-Dallas-TX-75241/26822323_zpid/ | Agent: Floyd Stanmore 469-868-6124 | Zest $154900 | 53 days on market | Opening offer $101,000 / MAO ceiling $114,800"
"1811 Reynoldston Ln, Dallas, TX 75232","Sales Pipeline","Appointment Scheduled","300000","https://www.zillow.com/homedetails/1811-Reynoldston-Ln-Dallas-TX-75232/26826036_zpid/ | Agent: Deanna Debose 972-372-0590 | Zest $291000 | 14 days on market | Opening offer $192,500 / MAO ceiling $219,000"
"3523 Edgewood St, Dallas, TX 75215","Sales Pipeline","Appointment Scheduled","120000","https://www.zillow.com/homedetails/3523-Edgewood-St-Dallas-TX-75215/26686496_zpid/ | Agent: Mauricio Chavez 512-788-9495 | 7 days on market | Opening offer $73,500 / MAO ceiling $83,600"
"2610 Brandon St, Dallas, TX 75211","Sales Pipeline","Appointment Scheduled","149990","https://www.zillow.com/homedetails/2610-Brandon-St-Dallas-TX-75211/26717819_zpid/ | Agent: Casey Smith 682-429-9942 | PRICE DROP $12510 | 17 days on market | Opening offer $94,000 / MAO ceiling $106,992"
"13622 Vida Ln, Dallas, TX 75253","Sales Pipeline","Appointment Scheduled","175000","https://www.zillow.com/homedetails/13622-Vida-Ln-Dallas-TX-75253/84003466_zpid/ | Agent: Hermel Videna 469-358-5166 | Zest $170900 | 18 days on market | Opening offer $111,500 / MAO ceiling $126,500"
"2718 South Blvd, Dallas, TX 75215","Sales Pipeline","Appointment Scheduled","265000","https://www.zillow.com/homedetails/2718-South-Blvd-Dallas-TX-75215/26681350_zpid/ | Agent: Aaron Jistel 877-897-7275 | Zest $258100 | 39 days on market | Opening offer $168,500 / MAO ceiling $191,700"
"2108 Blake Ave, Dallas, TX 75228","Sales Pipeline","Appointment Scheduled","284000","https://www.zillow.com/homedetails/2108-Blake-Ave-Dallas-TX-75228/26847892_zpid/ | Agent: Sherri Matney 940-368-6333 | Zest $280200 | 16 days on market | Opening offer $181,500 / MAO ceiling $206,520"
"2009 Las Cruces Ln, Dallas, TX 75217","Sales Pipeline","Appointment Scheduled","155000","https://www.zillow.com/homedetails/2009-Las-Cruces-Ln-Dallas-TX-75217/26794509_zpid/ | Agent: Timeka White 972-980-9393 | PRICE DROP $10000 | 24 days on market | Opening offer $97,500 / MAO ceiling $110,900"
"3423 Texas Dr, Dallas, TX 75211","Sales Pipeline","Appointment Scheduled","199900","https://www.zillow.com/homedetails/3423-Texas-Dr-Dallas-TX-75211/26770167_zpid/ | Agent: Juanita Couch 214-943-7110 | 6 days on market | Opening offer $128,500 / MAO ceiling $145,922"
"8752 Woodcastle Dr, Dallas, TX 75217","Sales Pipeline","Appointment Scheduled","209500","https://www.zillow.com/homedetails/8752-Woodcastle-Dr-Dallas-TX-75217/26801105_zpid/ | Agent: Jessica Alarcon 903-245-4448 | PRICE DROP $9500 | Zest $216300 | 36 days on market | Opening offer $130,500 / MAO ceiling $148,410"
"10316 Ridge Oak St, Dallas, TX 75227","Sales Pipeline","Appointment Scheduled","179500","https://www.zillow.com/homedetails/10316-Ridge-Oak-St-Dallas-TX-75227/26908494_zpid/ | Agent: Carly Calise 214-215-1334 | PRICE DROP $400 | Zest $174500 | 18 days on market | Opening offer $114,500 / MAO ceiling $130,010"
"9551 Gonzales Dr, Dallas, TX 75227","Sales Pipeline","Appointment Scheduled","127000","https://www.zillow.com/homedetails/9551-Gonzales-Dr-Dallas-TX-75227/26909252_zpid/ | Agent: Yurika Soto 972-200-3685 | PRICE DROP $5000 | 75 days on market | Opening offer $78,500 / MAO ceiling $89,060"
"2666 Kellogg Ave, Dallas, TX 75216","Sales Pipeline","Appointment Scheduled","169900","https://www.zillow.com/homedetails/2666-Kellogg-Ave-Dallas-TX-75216/26767686_zpid/ | Agent: Gabe Waldrep 817-328-6125 | PRICE DROP $10000 | Zest $177900 | 9 days on market | Opening offer $108,000 / MAO ceiling $122,522"
"10356 Shelburne Dr, Dallas, TX 75227","Sales Pipeline","Appointment Scheduled","190000","https://www.zillow.com/homedetails/10356-Shelburne-Dr-Dallas-TX-75227/26908871_zpid/ | Agent: Martha Breckenridge 214-724-3723 | Zest $197100 | 3 days on market | Opening offer $121,500 / MAO ceiling $138,200"
"10527 Cayuga Dr, Dallas, TX 75228","Sales Pipeline","Appointment Scheduled","185000","https://www.zillow.com/homedetails/10527-Cayuga-Dr-Dallas-TX-75228/26742610_zpid/ | Agent: Cindy Herbert 214-705-1000 | 7 days on market | Opening offer $118,000 / MAO ceiling $134,300"
"2319 Kathleen Ave, Dallas, TX 75216","Sales Pipeline","Appointment Scheduled","130000","https://www.zillow.com/homedetails/2319-Kathleen-Ave-Dallas-TX-75216/26767111_zpid/ | Agent: Katy Hubener 972-296-9400 | PRICE DROP $5000 | 50 days on market | Opening offer $80,500 / MAO ceiling $91,400"
"9324 Teagarden Rd, Dallas, TX 75217","Sales Pipeline","Appointment Scheduled","262000","https://www.zillow.com/homedetails/9324-Teagarden-Rd-Dallas-TX-75217/26913689_zpid/ | Agent: Ted Bevill 844-515-9880 | Zest $253400 | 31 days on market | Opening offer $166,500 / MAO ceiling $189,360"