"Deal Name","Pipeline","Deal Stage","Amount","Close Date","Deal Description"
"606 Springdale Rd, Austin, TX 78702","Sales Pipeline","Appointment Scheduled","499900","","https://www.zillow.com/homedetails/606-Springdale-Rd-Austin-TX-78702/29383517_zpid/ | As-Is / Estate | Agent: Cheryl Chavarria"
"623 Parkview Ave, Dallas, TX 75223","Sales Pipeline","Appointment Scheduled","249000","","https://www.zillow.com/homedetails/623-Parkview-Ave-Dallas-TX-75223/26684876_zpid/ | Investor Special | Agent: Shawna King 214-697-1742"
"5021 Malmedy Rd, Houston, TX 77033","Sales Pipeline","Appointment Scheduled","119900","","Investor Special | Agent: NB Elite Realty"
"211 Isabel St, San Antonio, TX 78210","Sales Pipeline","Appointment Scheduled","130000","","https://www.zillow.com/homedetails/211-Isabel-St-San-Antonio-TX-78210/26142159_zpid/ | Investor Special | Agent: Terry Todd (210) 287-5982"
"4108 Pate Dr, Fort Worth, TX 76119","Sales Pipeline","Appointment Scheduled","189000","","https://www.zillow.com/homedetails/4108-Pate-Dr-Fort-Worth-TX-76119/61882237_zpid/ | Investor Special | Agent: Marissa Brett 214-814-8100"
"4448 King Cole Blvd, Orlando, FL 32811","Sales Pipeline","Appointment Scheduled","168000","","https://www.zillow.com/homedetails/4448-King-Cole-Blvd-Orlando-FL-32811/46064334_zpid/ | Foreclosure | Agent: Al Spry 407-207-2220"
"209 S 24th St, Tampa, FL 33605","Sales Pipeline","Appointment Scheduled","150000","","Handyman Special | Agent: Charles Rutenberg Realty Inc"
"3659 Cedar Dr, Jacksonville, FL 32207","Sales Pipeline","Appointment Scheduled","235000","","Investor Special"
"2295 NW 64th St, Miami, FL 33147","Sales Pipeline","Appointment Scheduled","","","https://www.zillow.com/homedetails/2295-NW-64th-St-Miami-FL-33147/44159089_zpid/ | Investor Special"
"340 14th St N, Saint Petersburg, FL 33705","Sales Pipeline","Appointment Scheduled","225000","","https://www.zillow.com/homedetails/340-14th-St-N-Saint-Petersburg-FL-33705/47170109_zpid/ | Fixer Upper | Agent: Torrie Tiernan Jasuwan"
"5120 N 10th Way, Phoenix, AZ 85014","Sales Pipeline","Appointment Scheduled","","","https://www.zillow.com/homedetails/5120-N-10th-Way-Phoenix-AZ-85014/316019148_zpid/ | Investor Special"
"519 S 5th Ave, Tucson, AZ 85701","Sales Pipeline","Appointment Scheduled","","","https://www.zillow.com/homedetails/519-S-5th-Ave-Tucson-AZ-85701/239060771_zpid/ | Investor Special"
"2220 W Dora St APT 114, Mesa, AZ 85201","Sales Pipeline","Appointment Scheduled","175000","","https://www.zillow.com/homedetails/2220-W-Dora-St-APT-114-Mesa-AZ-85201/7610275_zpid/ | Investor Special | Agent: Jared A English 888-881-4118"
"226 Northwood St, Columbia, SC 29201","Sales Pipeline","Appointment Scheduled","","","https://www.zillow.com/homedetails/226-Northwood-St-Columbia-SC-29201/117707427_zpid/ | Investor Special"
"205 Key Ct, Charleston, SC 29412","Sales Pipeline","Appointment Scheduled","","","https://www.zillow.com/homedetails/205-Key-Ct-Charleston-SC-29412/68392125_zpid/ | Investor Special"
"206 Cook St, Greenville, SC 29601","Sales Pipeline","Appointment Scheduled","250000","","https://www.zillow.com/homedetails/206-Cook-St-Greenville-SC-29601/96467861_zpid/ | Investor Special | Agent: Ralph Harvey (855) 456-4945"
"1011 Ormewood Ave SE, Atlanta, GA 30316","Sales Pipeline","Appointment Scheduled","269900","","https://www.zillow.com/homedetails/1011-Ormewood-Ave-SE-Atlanta-GA-30316/35832654_zpid/ | Investor Special | Agent: Compass 404-202-1444"
"2133 Grand Blvd, Augusta, GA 30901","Sales Pipeline","Appointment Scheduled","69900","","Investor Special | Agent: Century 21 Larry Miller Realty"
"514 E Oglethorpe Ave, Savannah, GA 31401","Sales Pipeline","Appointment Scheduled","1548000","","https://www.zillow.com/homedetails/514-E-Oglethorpe-Ave-Savannah-GA-31401/54472010_zpid/ | Investor Special | Agent: Joseph D. Shields 912-631-0616"
"8128 Tiburon Cir, Charlotte, NC 28215","Sales Pipeline","Appointment Scheduled","229900","","https://www.zillow.com/homedetails/8128-Tiburon-Cir-Charlotte-NC-28215/6207754_zpid/ | Investor Special | Agent: Michelle Pentecost 704-968-8865"
"202 N State St, Raleigh, NC 27601","Sales Pipeline","Appointment Scheduled","595000","","https://www.zillow.com/homedetails/202-N-State-St-Raleigh-NC-27601/6422921_zpid/ | Investor Special"
"518 Pine St, Greensboro, NC 27401","Sales Pipeline","Appointment Scheduled","70000","","https://www.zillow.com/homedetails/518-Pine-St-Greensboro-NC-27401/5920327_zpid/ | Investor Special"
"2968 New London Pl, Memphis, TN 38115","Sales Pipeline","Appointment Scheduled","","","https://www.zillow.com/homedetails/2968-New-London-Pl-Memphis-TN-38115/161755657_zpid/ | Investor Special"
"1705 33rd Ave N, Birmingham, AL 35207","Sales Pipeline","Appointment Scheduled","58000","","https://www.zillow.com/homedetails/1705-33rd-Ave-N-Birmingham-AL-35207/931685_zpid/ | Investor Special | Agent: Ashanti Seals 205-734-6106"
"2517 E 13th St, Indianapolis, IN 46201","Sales Pipeline","Appointment Scheduled","100000","","https://www.zillow.com/homedetails/2517-E-13th-St-Indianapolis-IN-46201/1103379_zpid/ | Investor Special"
"2897 E 117th St, Cleveland, OH 44120","Sales Pipeline","Appointment Scheduled","45000","","https://www.zillow.com/homedetails/2897-E-117th-St-Cleveland-OH-44120/33418059_zpid/ | Investor Special | Agent: Ebony Davis (440) 723-0793"
"1690 Burlingame St, Detroit, MI 48206","Sales Pipeline","Appointment Scheduled","40000","","https://www.zillow.com/homedetails/1690-Burlingame-St-Detroit-MI-48206/88257139_zpid/ | Investor Special"
"2708 Wilkens Ave, Baltimore, MD 21223","Sales Pipeline","Appointment Scheduled","54900","","https://www.zillow.com/homedetails/2708-Wilkens-Ave-Baltimore-MD-21223/36525658_zpid/ | Investor Special | Agent: Danny Register (410) 531-0321"
"3714 Benton Blvd, Kansas City, MO 64128","Sales Pipeline","Appointment Scheduled","85000","","https://www.zillow.com/homedetails/3714-Benton-Blvd-Kansas-City-MO-64128/2355907_zpid/ | Fixer Upper"
"1700 Marlin Ave, Las Vegas, NV 89101","Sales Pipeline","Appointment Scheduled","","","https://www.zillow.com/homedetails/1700-Marlin-Ave-Las-Vegas-NV-89101/7015963_zpid/ | Investor Special"
"2831 Lawrence St, Denver, CO 80205","Sales Pipeline","Appointment Scheduled","879000","","https://www.zillow.com/homedetails/2831-Lawrence-St-Denver-CO-80205/13307630_zpid/ | Fixer Upper | Agent: Teal Nipp Hagan 720-984-0419"
"731 SE Grand Blvd, Oklahoma City, OK 73129","Sales Pipeline","Appointment Scheduled","","","https://www.zillow.com/homedetails/731-SE-Grand-Blvd-Oklahoma-City-OK-73129/118614024_zpid/ | Investor Special"
"201 Sandhurst Rd, Columbia, SC 29210","Sales Pipeline","Appointment Scheduled","245000","","https://www.zillow.com/homedetails/201-Sandhurst-Rd-Columbia-SC-29210/11194979_zpid/ | For Sale | Agent: Alex Fisher 803-629-2249"
"25 Rosepine Dr, Columbia, SC 29223","Sales Pipeline","Appointment Scheduled","235000","","https://www.zillow.com/homedetails/25-Rosepine-Dr-Columbia-SC-29223/11723205_zpid/ | For Sale | Agent: Mary Lane Sloan 888-440-2798"
"3961 Live Oak St, Columbia, SC 29205","Sales Pipeline","Appointment Scheduled","170000","","https://www.zillow.com/homedetails/3961-Live-Oak-St-Columbia-SC-29205/11698835_zpid/ | For Sale | Agent: Mary Twitty 803-303-0390"
"1824 Fairhaven Dr, Columbia, SC 29210","Sales Pipeline","Appointment Scheduled","165000","","https://www.zillow.com/homedetails/1824-Fairhaven-Dr-Columbia-SC-29210/11670035_zpid/ | For Sale | Agent: Ariana Greenway 803-409-0830"
"117 Lambeth Dr, Columbia, SC 29209","Sales Pipeline","Appointment Scheduled","198000","","https://www.zillow.com/homedetails/117-Lambeth-Dr-Columbia-SC-29209/11735373_zpid/ | For Sale | Agent: Wendy Weeden 803-799-8035"
"329 Shagbark Ave, Columbia, SC 29209","Sales Pipeline","Appointment Scheduled","69900","","https://www.zillow.com/homedetails/329-Shagbark-Ave-Columbia-SC-29209/11735705_zpid/ | For Sale | Agent: Chip Jefferson 803-808-1260"
"616 Amberley Rd, Columbia, SC 29203","Sales Pipeline","Appointment Scheduled","179900","","https://www.zillow.com/homedetails/616-Amberley-Rd-Columbia-SC-29203/11680383_zpid/ | For Sale | Agent: Brian Hunt 803-788-2811"
"376 Eastfair Dr, Columbia, SC 29209","Sales Pipeline","Appointment Scheduled","254000","","https://www.zillow.com/homedetails/376-Eastfair-Dr-Columbia-SC-29209/121819293_zpid/ | For Sale | Agent: Joey Menendez 888-440-2798"
"2711 N Beltline Blvd, Columbia, SC 29204","Sales Pipeline","Appointment Scheduled","299900","","https://www.zillow.com/homedetails/2711-N-Beltline-Blvd-Columbia-SC-29204/11705812_zpid/ | For Sale | Agent: Steve Kozlowski 803-781-1623"
"699 Gladiolus Dr, Columbia, SC 29229","Sales Pipeline","Appointment Scheduled","245772","","https://www.zillow.com/homedetails/699-Gladiolus-Dr-Columbia-SC-29229/121965986_zpid/ | For Sale | Agent: Transit Realty Florence 803-479-6135"
"226 Curvewood Rd, Columbia, SC 29229","Sales Pipeline","Appointment Scheduled","200000","","https://www.zillow.com/homedetails/226-Curvewood-Rd-Columbia-SC-29229/67615913_zpid/ | For Sale | Agent: Karen Alexander 803-400-2299"
"613 Heron Glen Dr, Columbia, SC 29229","Sales Pipeline","Appointment Scheduled","234900","","https://www.zillow.com/homedetails/613-Heron-Glen-Dr-Columbia-SC-29229/81036526_zpid/ | For Sale | Agent: Scott Baker 803-613-5083"
"1430 Dahlia Rd, Columbia, SC 29205","Sales Pipeline","Appointment Scheduled","249999","","https://www.zillow.com/homedetails/1430-Dahlia-Rd-Columbia-SC-29205/11698693_zpid/ | For Sale | Agent: Tara Morawski 803-908-0484"
"525 Pittsdowne Rd, Columbia, SC 29210","Sales Pipeline","Appointment Scheduled","279900","","https://www.zillow.com/homedetails/525-Pittsdowne-Rd-Columbia-SC-29210/11195337_zpid/ | For Sale | Agent: Yolanda Taylor 803-814-5007"
"501 S Edisto Ave, Columbia, SC 29205","Sales Pipeline","Appointment Scheduled","225000","","https://www.zillow.com/homedetails/501-S-Edisto-Ave-Columbia-SC-29205/11682361_zpid/ | For Sale | Agent: Kim Binnicker 803-400-6605"
"6506 Christie Rd, Columbia, SC 29209","Sales Pipeline","Appointment Scheduled","289000","","https://www.zillow.com/homedetails/6506-Christie-Rd-Columbia-SC-29209/11714398_zpid/ | For Sale | Agent: Andy Walker 803-256-6287"
"4137 Shorecrest Dr, Columbia, SC 29209","Sales Pipeline","Appointment Scheduled","109900","","https://www.zillow.com/homedetails/4137-Shorecrest-Dr-Columbia-SC-29209/11697075_zpid/ | For Sale | Agent: Jeffrey P Emmerling 803-345-6713"
"145 Angel Garden Way, Columbia, SC 29223","Sales Pipeline","Appointment Scheduled","211250","","https://www.zillow.com/homedetails/145-Angel-Garden-Way-Columbia-SC-29223/92396117_zpid/ | For Sale | Agent: Dexter Lee 803-788-2811"
"562 Buckhaven Way, Columbia, SC 29229","Sales Pipeline","Appointment Scheduled","235000","","https://www.zillow.com/homedetails/562-Buckhaven-Way-Columbia-SC-29229/121972270_zpid/ | For Sale | Agent: Renee Friar 803-567-5300"
"126 Baysdale Dr, Columbia, SC 29229","Sales Pipeline","Appointment Scheduled","250000","","https://www.zillow.com/homedetails/126-Baysdale-Dr-Columbia-SC-29229/110227097_zpid/ | Townhouse | Agent: Porschea Randolph 803-201-7624"
"2113 Kathleen Dr, Columbia, SC 29210","Sales Pipeline","Appointment Scheduled","230000","","https://www.zillow.com/homedetails/2113-Kathleen-Dr-Columbia-SC-29210/11674422_zpid/ | For Sale | Agent: Alex Fisher 803-629-2249"
"305 Curvewood Rd, Columbia, SC 29229","Sales Pipeline","Appointment Scheduled","174900","","https://www.zillow.com/homedetails/305-Curvewood-Rd-Columbia-SC-29229/67615229_zpid/ | For Sale | Agent: Scott Baker 803-613-5083"
"4223 Woodridge Dr, Columbia, SC 29203","Sales Pipeline","Appointment Scheduled","192000","","https://www.zillow.com/homedetails/4223-Woodridge-Dr-Columbia-SC-29203/67611754_zpid/ | For Sale | Agent: Tiffiny Davis 888-455-6040"
"3621 Thurmond St, Columbia, SC 29204","Sales Pipeline","Appointment Scheduled","137000","","https://www.zillow.com/homedetails/3621-Thurmond-St-Columbia-SC-29204/11692623_zpid/ | FSBO"
"169 Fox Grove Cir, Columbia, SC 29229","Sales Pipeline","Appointment Scheduled","238000","","https://www.zillow.com/homedetails/169-Fox-Grove-Cir-Columbia-SC-29229/67616407_zpid/ | For Sale | Agent: John Duncan 803-567-0684"
"137 Green Tree Dr, Columbia, SC 29203","Sales Pipeline","Appointment Scheduled","144900","","https://www.zillow.com/homedetails/137-Green-Tree-Dr-Columbia-SC-29203/11695625_zpid/ | For Sale | Agent: Constance Bennett 803-613-5083"
"106 Rolling Knoll Dr, Columbia, SC 29229","Sales Pipeline","Appointment Scheduled","198000","","https://www.zillow.com/homedetails/106-Rolling-Knoll-Dr-Columbia-SC-29229/11733049_zpid/ | For Sale | Agent: Nina Hathaway 803-736-7870"
"400 Summit Townes Way, Columbia, SC 29229","Sales Pipeline","Appointment Scheduled","175000","","https://www.zillow.com/homedetails/400-Summit-Townes-Way-Columbia-SC-29229/67612225_zpid/ | For Sale | Agent: Troy Ketcham 803-602-6500"
"245 Piney Grove Rd, Columbia, SC 29210","Sales Pipeline","Appointment Scheduled","239000","","https://www.zillow.com/homedetails/245-Piney-Grove-Rd-Columbia-SC-29210/2135854636_zpid/ | For Sale | Agent: Phil Brannan 803-781-1623"
"1925 Shadowood Dr, Columbia, SC 29212","Sales Pipeline","Appointment Scheduled","227500","","https://www.zillow.com/homedetails/1925-Shadowood-Dr-Columbia-SC-29212/11192597_zpid/ | For Sale | Agent: JT Livingston 803-772-5858"
"108 Malisa Dr, Columbia, SC 29229","Sales Pipeline","Appointment Scheduled","195000","","https://www.zillow.com/homedetails/108-Malisa-Dr-Columbia-SC-29229/55195677_zpid/ | For Sale | Agent: Tyjuan Montgomery 803-732-2200"
"103 Whitfield Ct, Columbia, SC 29229","Sales Pipeline","Appointment Scheduled","239500","","https://www.zillow.com/homedetails/103-Whitfield-Ct-Columbia-SC-29229/11731411_zpid/ | For Sale | Agent: Kenny McCuien 877-366-2213"
"4724 Leaf Crest Ct, Columbia, SC 29210","Sales Pipeline","Appointment Scheduled","59900","","https://www.zillow.com/homedetails/4724-Leaf-Crest-Ct-Columbia-SC-29210/11671907_zpid/ | Townhouse | Agent: Tammy D Davis 803-602-6500"
"3725 Harrogate Rd, Columbia, SC 29210","Sales Pipeline","Appointment Scheduled","199900","","https://www.zillow.com/homedetails/3725-Harrogate-Rd-Columbia-SC-29210/11201488_zpid/ | For Sale | Agent: Scott Baker 803-613-5083"
"3915 Pearl St, Columbia, SC 29203","Sales Pipeline","Appointment Scheduled","174900","","https://www.zillow.com/homedetails/3915-Pearl-St-Columbia-SC-29203/11676265_zpid/ | For Sale | Agent: Scott Baker 803-613-5083"
"3114 Park St, Columbia, SC 29201","Sales Pipeline","Appointment Scheduled","224000","","https://www.zillow.com/homedetails/3114-Park-St-Columbia-SC-29201/11676556_zpid/ | For Sale | Agent: Lauren Small 803-409-0830"
"212 Lake Carolina Blvd, Columbia, SC 29229","Sales Pipeline","Appointment Scheduled","137500","","https://www.zillow.com/homedetails/212-Lake-Carolina-Blvd-Columbia-SC-29229/121959339_zpid/ | Land | Agent: Patrick Mooney 803-409-0830"
"7602 Hunt Club Rd APT A104, Columbia, SC 29223","Sales Pipeline","Appointment Scheduled","137500","","https://www.zillow.com/homedetails/7602-Hunt-Club-Rd-APT-A104-Columbia-SC-29223/462054960_zpid/ | Townhouse | Agent: James A Berry 843-999-0119"
"8 Hampton Oaks Pl, Columbia, SC 29212","Sales Pipeline","Appointment Scheduled","179900","","https://www.zillow.com/homedetails/8-Hampton-Oaks-Pl-Columbia-SC-29212/55192880_zpid/ | For Sale | Agent: C James Brown 803-233-2234"
"2324 Alpine Rd, Columbia, SC 29223","Sales Pipeline","Appointment Scheduled","230000","","https://www.zillow.com/homedetails/2324-Alpine-Rd-Columbia-SC-29223/2103445983_zpid/ | Land | Agent: Kenisha Ingram 843-999-0119"
"104 Harbor Dr, Columbia, SC 29229","Sales Pipeline","Appointment Scheduled","95000","","https://www.zillow.com/homedetails/104-Harbor-Dr-Columbia-SC-29229/121968973_zpid/ | Land | Agent: Cody Pressley 803-201-7624"
"338 Old Wood Dr, Columbia, SC 29212","Sales Pipeline","Appointment Scheduled","40000","","https://www.zillow.com/homedetails/338-Old-Wood-Dr-Columbia-SC-29212/111156869_zpid/ | Land | Agent: Alain Kublashvili 888-440-2798"
"Leadmine Rd, Gaffney, SC 29340","Sales Pipeline","Appointment Scheduled","299000","","https://www.zillow.com/homedetails/Leadmine-Rd-Gaffney-SC-29340/459820374_zpid/ | Land | Agent: John Wall & Associates 864-839-7039"
"1522 Jerome Dr, Columbia, SC 29203","Sales Pipeline","Appointment Scheduled","80000","","https://www.zillow.com/homedetails/1522-Jerome-Dr-Columbia-SC-29203/11694500_zpid/ | For Sale | Agent: Khali Gallman 803-799-8035"
"1331 Boston St, Columbia, SC 29203","Sales Pipeline","Appointment Scheduled","22500","","https://www.zillow.com/homedetails/1331-Boston-St-Columbia-SC-29203/11680624_zpid/ | Land | Agent: James R Murray 803-799-8035"
"E/s Tremont Ave #13, Columbia, SC 29203","Sales Pipeline","Appointment Scheduled","20000","","https://www.zillow.com/homedetails/E-s-Tremont-Ave-13-Columbia-SC-29203/461591785_zpid/ | Land | Agent: Carmen Malsbury 803-251-9855"
"W/s Zacks Playhouse Rd, Hollywood, SC 29449","Sales Pipeline","Appointment Scheduled","100000","","https://www.zillow.com/homedetails/W-s-Zacks-Playhouse-Rd-Hollywood-SC-29449/461182462_zpid/ | Land | Agent: Rachel Spence 704-234-7880"
"729 Wild Duck Ln, Columbia, SC 29210","Sales Pipeline","Appointment Scheduled","206500","","https://www.zillow.com/homedetails/729-Wild-Duck-Ln-Columbia-SC-29210/344784731_zpid/ | Townhouse | Agent: Sarah Wang 803-399-7239"
"431 Pineneedle Rd, Columbia, SC 29203","Sales Pipeline","Appointment Scheduled","90000","","https://www.zillow.com/homedetails/431-Pineneedle-Rd-Columbia-SC-29203/11678269_zpid/ | For Sale | Agent: Demetria Dinkins 803-736-7870"
"132 Fairlawn Ct, Columbia, SC 29203","Sales Pipeline","Appointment Scheduled","205000","","https://www.zillow.com/homedetails/132-Fairlawn-Ct-Columbia-SC-29203/11713117_zpid/ | For Sale | Agent: Mike Matulis 803-781-1623"
"1515 Hatcher Dr, Columbia, SC 29203","Sales Pipeline","Appointment Scheduled","35000","","https://www.zillow.com/homedetails/1515-Hatcher-Dr-Columbia-SC-29203/11694494_zpid/ | For Sale | Agent: Brad Dampier 803-477-3930"
"116 Clay Ridge Rd, Columbia, SC 29223","Sales Pipeline","Appointment Scheduled","269000","","https://www.zillow.com/homedetails/116-Clay-Ridge-Rd-Columbia-SC-29223/71257693_zpid/ | For Sale | Agent: Jeff Stilwell 803-939-8562"
"200 Stirlington Rd, Columbia, SC 29212","Sales Pipeline","Appointment Scheduled","180000","","https://www.zillow.com/homedetails/200-Stirlington-Rd-Columbia-SC-29212/11195518_zpid/ | For Sale | Agent: Donna F Arvay 803-772-5858"
"2912 Chestnut St, Columbia, SC 29204","Sales Pipeline","Appointment Scheduled","179000","","https://www.zillow.com/homedetails/2912-Chestnut-St-Columbia-SC-29204/11689279_zpid/ | For Sale | Agent: Pamela K Smith 803-738-8008"
"137 Canterfield Rd, Columbia, SC 29212","Sales Pipeline","Appointment Scheduled","260000","","https://www.zillow.com/homedetails/137-Canterfield-Rd-Columbia-SC-29212/11191994_zpid/ | For Sale | Agent: Mary Ann Teal 803-764-7968"
"134 Hester Woods Dr, Columbia, SC 29223","Sales Pipeline","Appointment Scheduled","199900","","https://www.zillow.com/homedetails/134-Hester-Woods-Dr-Columbia-SC-29223/88012160_zpid/ | For Sale | Agent: Constance Bennett 803-613-5083"
"1531 Hatcher Dr, Columbia, SC 29203","Sales Pipeline","Appointment Scheduled","35000","","https://www.zillow.com/homedetails/1531-Hatcher-Dr-Columbia-SC-29203/11694513_zpid/ | For Sale | Agent: Brad Dampier 803-477-3930"
"3944 Hickory St, Columbia, SC 29205","Sales Pipeline","Appointment Scheduled","280000","","https://www.zillow.com/homedetails/3944-Hickory-St-Columbia-SC-29205/11698869_zpid/ | For Sale | Agent: Elizabeth Webber Akre 803-388-8798"
"1158 Cloister Pl, Columbia, SC 29210","Sales Pipeline","Appointment Scheduled","169900","","https://www.zillow.com/homedetails/1158-Cloister-Pl-Columbia-SC-29210/11670737_zpid/ | Townhouse | Agent: Bryant Hinson 803-771-2424"
"2 Woodshaw Ct, Columbia, SC 29212","Sales Pipeline","Appointment Scheduled","229900","","https://www.zillow.com/homedetails/2-Woodshaw-Ct-Columbia-SC-29212/11187985_zpid/ | For Sale | Agent: Delaney Morgan 803-530-9272"
"232 Fernview Dr, Columbia, SC 29229","Sales Pipeline","Appointment Scheduled","259000","","https://www.zillow.com/homedetails/232-Fernview-Dr-Columbia-SC-29229/11741234_zpid/ | For Sale | Agent: Hannah Miles 803-427-5516"
"409 Wilkes Rd, Columbia, SC 29203","Sales Pipeline","Appointment Scheduled","230000","","https://www.zillow.com/homedetails/409-Wilkes-Rd-Columbia-SC-29203/11710435_zpid/ | For Sale | Agent: Nima Sherpa 864-504-4314"
"129 Pond Oak Ln, Columbia, SC 29212","Sales Pipeline","Appointment Scheduled","275000","","https://www.zillow.com/homedetails/129-Pond-Oak-Ln-Columbia-SC-29212/11669464_zpid/ | For Sale | Agent: Nick Huscroft 330-249-3499"
"3000 Richfield Dr, Columbia, SC 29201","Sales Pipeline","Appointment Scheduled","160000","","https://www.zillow.com/homedetails/3000-Richfield-Dr-Columbia-SC-29201/11676419_zpid/ | For Sale | Agent: Petie Bradley 803-765-0211"
"58 Crossvine Ct, Columbia, SC 29229","Sales Pipeline","Appointment Scheduled","235000","","https://www.zillow.com/homedetails/58-Crossvine-Ct-Columbia-SC-29229/88003016_zpid/ | For Sale | Agent: Thomas Shoupe 480-462-5392"
"135 Fox Squirrel Cir, Columbia, SC 29209","Sales Pipeline","Appointment Scheduled","265000","","https://www.zillow.com/homedetails/135-Fox-Squirrel-Cir-Columbia-SC-29209/121964038_zpid/ | For Sale | Agent: Patrick O'Connor 803-957-5566"
"112 Chippenham Cir, Columbia, SC 29210","Sales Pipeline","Appointment Scheduled","280000","","https://www.zillow.com/homedetails/112-Chippenham-Cir-Columbia-SC-29210/11196626_zpid/ | For Sale | Agent: Ashley Carter 803-832-2404"
"5802 McMillan Cir, Columbia, SC 29212","Sales Pipeline","Appointment Scheduled","229900","","https://www.zillow.com/homedetails/5802-McMillan-Cir-Columbia-SC-29212/11191386_zpid/ | For Sale | Agent: April Stroud 803-490-1877"
"266 Chippewa Dr, Columbia, SC 29210","Sales Pipeline","Appointment Scheduled","269000","","https://www.zillow.com/homedetails/266-Chippewa-Dr-Columbia-SC-29210/11670160_zpid/ | For Sale | Agent: Rochelle Hicklin 803-814-6363"
"178 Vermillion Dr, Columbia, SC 29209","Sales Pipeline","Appointment Scheduled","279900","","https://www.zillow.com/homedetails/178-Vermillion-Dr-Columbia-SC-29209/92393922_zpid/ | For Sale | Agent: Julie Acosta 803-677-7866"
"1517 N Woodstream Rd, Columbia, SC 29212","Sales Pipeline","Appointment Scheduled","179900","","https://www.zillow.com/homedetails/1517-N-Woodstream-Rd-Columbia-SC-29212/11191685_zpid/ | For Sale | Agent: Nicole Baskerville 877-366-2213"
"516 Lakeside Ave, Columbia, SC 29203","Sales Pipeline","Appointment Scheduled","190000","","https://www.zillow.com/homedetails/516-Lakeside-Ave-Columbia-SC-29203/11679073_zpid/ | For Sale | Agent: Sharon Cornelius 803-600-3524"
"7504 Teague Rd, Columbia, SC 29209","Sales Pipeline","Appointment Scheduled","175000","","https://www.zillow.com/homedetails/7504-Teague-Rd-Columbia-SC-29209/11726443_zpid/ | For Sale | Agent: Damian Burris 803-353-5510"
"7818 Exeter Ln, Columbia, SC 29223","Sales Pipeline","Appointment Scheduled","299900","","https://www.zillow.com/homedetails/7818-Exeter-Ln-Columbia-SC-29223/11720655_zpid/ | For Sale | Agent: Paul McCullough 803-256-6287"
"2039 Cheltenham Ln, Columbia, SC 29223","Sales Pipeline","Appointment Scheduled","209900","","https://www.zillow.com/homedetails/2039-Cheltenham-Ln-Columbia-SC-29223/11727454_zpid/ | For Sale | Agent: Constance Bennett 803-613-5083"
"420 Forest Grove Cir, Columbia, SC 29210","Sales Pipeline","Appointment Scheduled","245000","","https://www.zillow.com/homedetails/420-Forest-Grove-Cir-Columbia-SC-29210/11196712_zpid/ | For Sale | Agent: Jill Hydrick 803-358-0888"
"45 Round Table Ct, Columbia, SC 29209","Sales Pipeline","Appointment Scheduled","275000","","https://www.zillow.com/homedetails/45-Round-Table-Ct-Columbia-SC-29209/121957928_zpid/ | For Sale | Agent: Taley Hunt 803-602-6500"
"436 Guard Tower Ln, Columbia, SC 29209","Sales Pipeline","Appointment Scheduled","219900","","https://www.zillow.com/homedetails/436-Guard-Tower-Ln-Columbia-SC-29209/110214130_zpid/ | For Sale | Agent: Rob Jones 844-448-0749"
"228 Rolling Rock Rd, Columbia, SC 29212","Sales Pipeline","Appointment Scheduled","250000","","https://www.zillow.com/homedetails/228-Rolling-Rock-Rd-Columbia-SC-29212/50896985_zpid/ | For Sale | Agent: Renee Friar 803-567-5300"
"1111 Cloister Pl, Columbia, SC 29210","Sales Pipeline","Appointment Scheduled","164900","","https://www.zillow.com/homedetails/1111-Cloister-Pl-Columbia-SC-29210/11670717_zpid/ | Townhouse | Agent: Bryant Hinson 803-771-2424"
"2518 Putnam St, Columbia, SC 29204","Sales Pipeline","Appointment Scheduled","179500","","https://www.zillow.com/homedetails/2518-Putnam-St-Columbia-SC-29204/11689936_zpid/ | For Sale | Agent: Jamie Williams 803-732-9119"
"217 Stockmoor Rd, Columbia, SC 29212","Sales Pipeline","Appointment Scheduled","272900","","https://www.zillow.com/homedetails/217-Stockmoor-Rd-Columbia-SC-29212/11187977_zpid/ | For Sale | Agent: Charles L Caughman 803-358-8383"
"38 Cardington Ct, Columbia, SC 29209","Sales Pipeline","Appointment Scheduled","255000","","https://www.zillow.com/homedetails/38-Cardington-Ct-Columbia-SC-29209/11726171_zpid/ | For Sale | Agent: Dusty Conine 803-722-1900"
"400 Green Tree Cir, Columbia, SC 29203","Sales Pipeline","Appointment Scheduled","99000","","https://www.zillow.com/homedetails/400-Green-Tree-Cir-Columbia-SC-29203/11695603_zpid/ | For Sale | Agent: Shannon Albers 803-567-5300"
"4521 Corbett St, Columbia, SC 29209","Sales Pipeline","Appointment Scheduled","149000","","https://www.zillow.com/homedetails/4521-Corbett-St-Columbia-SC-29209/11696845_zpid/ | For Sale | Agent: Constance Bennett 803-613-5083"
"3929 Trotter Rd, Columbia, SC 29209","Sales Pipeline","Appointment Scheduled","150000","","https://www.zillow.com/homedetails/3929-Trotter-Rd-Columbia-SC-29209/11735278_zpid/ | For Sale | Agent: Jessica L Nelson 803-610-4121"
"255 Sorrel Tree Dr, Columbia, SC 29223","Sales Pipeline","Appointment Scheduled","270000","","https://www.zillow.com/homedetails/255-Sorrel-Tree-Dr-Columbia-SC-29223/121963602_zpid/ | For Sale | Agent: Trinh Nguyen 843-725-5007"
"1910 Greenoaks Rd APT A, Columbia, SC 29206","Sales Pipeline","Appointment Scheduled","175000","","https://www.zillow.com/homedetails/1910-Greenoaks-Rd-APT-A-Columbia-SC-29206/2054609943_zpid/ | Townhouse | Agent: Lisa Lawson 843-584-8326"
"959 Yarrow Ln, Columbia, SC 29223","Sales Pipeline","Appointment Scheduled","284900","","https://www.zillow.com/homedetails/959-Yarrow-Ln-Columbia-SC-29223/121953968_zpid/ | For Sale | Agent: Peggy Metze 803-788-2811"
"835 Denny Rd, Columbia, SC 29203","Sales Pipeline","Appointment Scheduled","104900","","https://www.zillow.com/homedetails/835-Denny-Rd-Columbia-SC-29203/11674781_zpid/ | For Sale | Agent: Kaytie Grubbs 803-683-2210"
"74 Newport Dr, Columbia, SC 29223","Sales Pipeline","Appointment Scheduled","182300","","https://www.zillow.com/homedetails/74-Newport-Dr-Columbia-SC-29223/11728002_zpid/ | For Sale | Agent: NOT APPLICABLE 855-882-1314"
"3700 Ulmer Rd, Columbia, SC 29209","Sales Pipeline","Appointment Scheduled","289000","","https://www.zillow.com/homedetails/3700-Ulmer-Rd-Columbia-SC-29209/67597857_zpid/ | For Sale | Agent: C James Brown 803-233-2234"
"120 Curvewood Rd, Columbia, SC 29229","Sales Pipeline","Appointment Scheduled","190000","","https://www.zillow.com/homedetails/120-Curvewood-Rd-Columbia-SC-29229/67615255_zpid/ | For Sale | Agent: Michael Bass 803-736-5711"
"4615 Bluff Rd, Columbia, SC 29209","Sales Pipeline","Appointment Scheduled","135000","","https://www.zillow.com/homedetails/4615-Bluff-Rd-Columbia-SC-29209/11696716_zpid/ | For Sale | Agent: Dexter Gates 803-756-2966"
"276 Oberlin Rd, Columbia, SC 29212","Sales Pipeline","Appointment Scheduled","215000","","https://www.zillow.com/homedetails/276-Oberlin-Rd-Columbia-SC-29212/11195560_zpid/ | For Sale | Agent: Cody Pressley 803-201-7624"
"54 Monmouth Ct, Columbia, SC 29209","Sales Pipeline","Appointment Scheduled","168500","","https://www.zillow.com/homedetails/54-Monmouth-Ct-Columbia-SC-29209/88002336_zpid/ | For Sale | Agent: Carlos Ennis 864-770-5243"
"140 Twin Oaks Ln, Columbia, SC 29209","Sales Pipeline","Appointment Scheduled","240000","","https://www.zillow.com/homedetails/140-Twin-Oaks-Ln-Columbia-SC-29209/11734932_zpid/ | For Sale | Agent: Evelio C Duque 803-669-7142"
"314 Leton Dr, Columbia, SC 29210","Sales Pipeline","Appointment Scheduled","240000","","https://www.zillow.com/homedetails/314-Leton-Dr-Columbia-SC-29210/11194576_zpid/ | For Sale | Agent: Amber Wingard 803-756-2966"
"23 Braiden Manor Rd, Columbia, SC 29209","Sales Pipeline","Appointment Scheduled","224000","","https://www.zillow.com/homedetails/23-Braiden-Manor-Rd-Columbia-SC-29209/88003960_zpid/ | Townhouse | Agent: Billy Trevathan 843-737-0708"
"1075 Belmont Green Rd, Columbia, SC 29209","Sales Pipeline","Appointment Scheduled","255500","","https://www.zillow.com/homedetails/1075-Belmont-Green-Rd-Columbia-SC-29209/2061992113_zpid/ | For Sale | Agent: Jenya Erb 803-353-5510"
"1960 Drexel Lake Dr, Columbia, SC 29223","Sales Pipeline","Appointment Scheduled","260000","","https://www.zillow.com/homedetails/1960-Drexel-Lake-Dr-Columbia-SC-29223/11727621_zpid/ | For Sale | Agent: Erica Frasier 803-353-5510"
"130 Thorn Tree Ln, Columbia, SC 29212","Sales Pipeline","Appointment Scheduled","182000","","https://www.zillow.com/homedetails/130-Thorn-Tree-Ln-Columbia-SC-29212/61363201_zpid/ | For Sale | Agent: Michelle Frazier 888-455-6040"
"134 Palmetto Park Cir, Columbia, SC 29229","Sales Pipeline","Appointment Scheduled","237500","","https://www.zillow.com/homedetails/134-Palmetto-Park-Cir-Columbia-SC-29229/81048440_zpid/ | For Sale | Agent: Shannon McNulty 803-708-0205"
"412 Bombing Range Rd, Columbia, SC 29229","Sales Pipeline","Appointment Scheduled","259000","","https://www.zillow.com/homedetails/412-Bombing-Range-Rd-Columbia-SC-29229/62990930_zpid/ | For Sale | Agent: Inga Black 877-366-2213"
"404 Summit Sq, Columbia, SC 29229","Sales Pipeline","Appointment Scheduled","258900","","https://www.zillow.com/homedetails/404-Summit-Sq-Columbia-SC-29229/67618719_zpid/ | FSBO"
"19 Autumn Run Way, Columbia, SC 29229","Sales Pipeline","Appointment Scheduled","210000","","https://www.zillow.com/homedetails/19-Autumn-Run-Way-Columbia-SC-29229/55195435_zpid/ | For Sale | Agent: Lisa Harris 888-440-2798"
"3405 Padgett Rd, Columbia, SC 29209","Sales Pipeline","Appointment Scheduled","186000","","https://www.zillow.com/homedetails/3405-Padgett-Rd-Columbia-SC-29209/11735998_zpid/ | For Sale | Agent: Pamela K Smith 803-738-8008"
"828 Yellow Swan Ln, Columbia, SC 29210","Sales Pipeline","Appointment Scheduled","199999","","https://www.zillow.com/homedetails/828-Yellow-Swan-Ln-Columbia-SC-29210/350774597_zpid/ | Townhouse | Agent: Roshard Dawson 803-708-2013"
"20 Shuler Cir, Columbia, SC 29212","Sales Pipeline","Appointment Scheduled","213000","","https://www.zillow.com/homedetails/20-Shuler-Cir-Columbia-SC-29212/11190564_zpid/ | Townhouse | Agent: Greg Krome 803-345-8300"
"254 Sorrel Tree Dr, Columbia, SC 29223","Sales Pipeline","Appointment Scheduled","242000","","https://www.zillow.com/homedetails/254-Sorrel-Tree-Dr-Columbia-SC-29223/461554622_zpid/ | For Sale | Agent: Thomas Shoupe 480-462-5392"
"219 Dixon Dr, Columbia, SC 29203","Sales Pipeline","Appointment Scheduled","179000","","https://www.zillow.com/homedetails/219-Dixon-Dr-Columbia-SC-29203/11712156_zpid/ | For Sale | Agent: Alexandra Leal 843-999-0119"
"2011 Lake Carolina Dr, Columbia, SC 29229","Sales Pipeline","Appointment Scheduled","255000","","https://www.zillow.com/homedetails/2011-Lake-Carolina-Dr-Columbia-SC-29229/88010280_zpid/ | For Sale | Agent: Wayne Montgomery 803-298-5155"
"2584 Cherry St, Columbia, SC 29205","Sales Pipeline","Appointment Scheduled","274900","","https://www.zillow.com/homedetails/2584-Cherry-St-Columbia-SC-29205/11687459_zpid/ | For Sale | Agent: Rob Brannan 803-781-1623"
"1400 Cactus Ave, Columbia, SC 29210","Sales Pipeline","Appointment Scheduled","118000","","https://www.zillow.com/homedetails/1400-Cactus-Ave-Columbia-SC-29210/11671988_zpid/ | Townhouse | Agent: Kelli Carson 803-399-7239"
"115 Mulberry Ln, Columbia, SC 29201","Sales Pipeline","Appointment Scheduled","225000","","https://www.zillow.com/homedetails/115-Mulberry-Ln-Columbia-SC-29201/11675577_zpid/ | Townhouse | Agent: Becky Traynham 803-764-7968"
"1033 Glencroft Drive, Columbia, SC 29210","Sales Pipeline","Appointment Scheduled","279000","","https://www.zillow.com/homedetails/1033-Glencroft-Dr-Columbia-SC-29210/92391323_zpid/ | For Sale | Agent: Century 21 Carolina Realty 910-870-3434"
"118 Long Ridge Dr, Columbia, SC 29229","Sales Pipeline","Appointment Scheduled","265000","","https://www.zillow.com/homedetails/118-Long-Ridge-Dr-Columbia-SC-29229/11740867_zpid/ | For Sale | Agent: Denny Horton 888-440-2798"
"1703 Alba Dr, Columbia, SC 29209","Sales Pipeline","Appointment Scheduled","193500","","https://www.zillow.com/homedetails/1703-Alba-Dr-Columbia-SC-29209/11725116_zpid/ | For Sale | Agent: Cindy Hallman 803-513-1234"
"554 Wilkinson Ln, Columbia, SC 29229","Sales Pipeline","Appointment Scheduled","280000","","https://www.zillow.com/homedetails/554-Wilkinson-Ln-Columbia-SC-29229/92386868_zpid/ | For Sale | Agent: Nina Stark 803-722-1900"
"2629 Magnolia St, Columbia, SC 29204","Sales Pipeline","Appointment Scheduled","149900","","https://www.zillow.com/homedetails/2629-Magnolia-St-Columbia-SC-29204/11689472_zpid/ | For Sale | Agent: Jonathan Minerick 888-400-2513"
"1817 Neptune Dr, Columbia, SC 29209","Sales Pipeline","Appointment Scheduled","232000","","https://www.zillow.com/homedetails/1817-Neptune-Dr-Columbia-SC-29209/11725378_zpid/ | For Sale | Agent: Thomas Shoupe 480-462-5392"
"1002 Eastman St, Columbia, SC 29203","Sales Pipeline","Appointment Scheduled","160000","","https://www.zillow.com/homedetails/1002-Eastman-St-Columbia-SC-29203/11693768_zpid/ | For Sale | Agent: Liliana Carr 877-366-2213"
"230 Bishopgate Rd, Columbia, SC 29212","Sales Pipeline","Appointment Scheduled","289900","","https://www.zillow.com/homedetails/230-Bishopgate-Rd-Columbia-SC-29212/11191942_zpid/ | For Sale | Agent: Jeannette Womble 888-440-2798"
"705 W Campanella St, Columbia, SC 29203","Sales Pipeline","Appointment Scheduled","139900","","https://www.zillow.com/homedetails/705-W-Campanella-St-Columbia-SC-29203/462114507_zpid/ | For Sale | Agent: Constance Bennett 803-613-5083"
"12 Sea Hawk Ct, Columbia, SC 29203","Sales Pipeline","Appointment Scheduled","174999","","https://www.zillow.com/homedetails/12-Sea-Hawk-Ct-Columbia-SC-29203/67409154_zpid/ | For Sale | Agent: Ponce Realty Group 864-809-7710"
"161 Jefferson Pl, Columbia, SC 29212","Sales Pipeline","Appointment Scheduled","184000","","https://www.zillow.com/homedetails/161-Jefferson-Pl-Columbia-SC-29212/11192236_zpid/ | Townhouse | Agent: Sarah Wang 803-399-7239"
"604 Castle Ridge Dr, Columbia, SC 29229","Sales Pipeline","Appointment Scheduled","255000","","https://www.zillow.com/homedetails/604-Castle-Ridge-Dr-Columbia-SC-29229/55195654_zpid/ | FSBO"
"64 Salers Ln, Columbia, SC 29209","Sales Pipeline","Appointment Scheduled","270000","","https://www.zillow.com/homedetails/64-Salers-Ln-Columbia-SC-29209/300048363_zpid/ | For Sale | Agent: Steven Koleno 804-656-5007"
"3815 Webb Ct, Columbia, SC 29204","Sales Pipeline","Appointment Scheduled","190000","","https://www.zillow.com/homedetails/3815-Webb-Ct-Columbia-SC-29204/11692772_zpid/ | For Sale | Agent: Shirley A Montgomery 803-728-0240"
"307 Spartan Dr, Columbia, SC 29212","Sales Pipeline","Appointment Scheduled","210000","","https://www.zillow.com/homedetails/307-Spartan-Dr-Columbia-SC-29212/11190825_zpid/ | For Sale | Agent: Ashley McKee 803-732-2200"
"3805 Trotter Rd, Columbia, SC 29209","Sales Pipeline","Appointment Scheduled","155000","","https://www.zillow.com/homedetails/3805-Trotter-Rd-Columbia-SC-29209/11735153_zpid/ | For Sale | Agent: Chachere Freeman 803-771-4567"
"2713 Trull St, Columbia, SC 29204","Sales Pipeline","Appointment Scheduled","155000","","https://www.zillow.com/homedetails/2713-Trull-St-Columbia-SC-29204/11690350_zpid/ | For Sale | Agent: Lauren Small 803-409-0830"
"953 Texas St, Columbia, SC 29201","Sales Pipeline","Appointment Scheduled","225000","","https://www.zillow.com/homedetails/953-Texas-St-Columbia-SC-29201/11682034_zpid/ | For Sale | Agent: Savanna Pierson 803-548-4995"
"2350 Center St, Columbia, SC 29204","Sales Pipeline","Appointment Scheduled","285000","","https://www.zillow.com/homedetails/2350-Center-St-Columbia-SC-29204/11689411_zpid/ | For Sale | Agent: Holly Lennox 803-780-4536"
"38 Dovecreek, Columbia, SC 29229","Sales Pipeline","Appointment Scheduled","250000","","https://www.zillow.com/homedetails/38-Dovecreek-Columbia-SC-29229/11740999_zpid/ | For Sale | Agent: Voncie Sutton 803-602-6500"
"351 Elders Pond Cir, Columbia, SC 29229","Sales Pipeline","Appointment Scheduled","194900","","https://www.zillow.com/homedetails/351-Elders-Pond-Cir-Columbia-SC-29229/71270894_zpid/ | For Sale | Agent: Marie H Stokes 803-420-6493"
"304 Stanford St, Columbia, SC 29203","Sales Pipeline","Appointment Scheduled","149900","","https://www.zillow.com/homedetails/304-Stanford-St-Columbia-SC-29203/11694658_zpid/ | For Sale | Agent: Greg Krome 803-345-8300"
"5 Durango Cir, Columbia, SC 29203","Sales Pipeline","Appointment Scheduled","260000","","https://www.zillow.com/homedetails/5-Durango-Cir-Columbia-SC-29203/11712979_zpid/ | For Sale | Agent: Taquoia Beals 803-602-6500"
"2237 Kingswood Dr, Columbia, SC 29205","Sales Pipeline","Appointment Scheduled","199000","","https://www.zillow.com/homedetails/2237-Kingswood-Dr-Columbia-SC-29205/11682885_zpid/ | For Sale | Agent: Cindy R Kidd 803-429-4017"
"570 Kimpton Dr, Columbia, SC 29223","Sales Pipeline","Appointment Scheduled","269000","","https://www.zillow.com/homedetails/570-Kimpton-Dr-Columbia-SC-29223/246224662_zpid/ | For Sale | Agent: Andre Moore 803-828-3503"
"115 Woodwinds West Dr, Columbia, SC 29212","Sales Pipeline","Appointment Scheduled","270000","","https://www.zillow.com/homedetails/115-Woodwinds-West-Dr-Columbia-SC-29212/11193119_zpid/ | For Sale | Agent: Kim Loc Ngo 803-399-7239"
"125 N Lake Pointe Dr, Columbia, SC 29229","Sales Pipeline","Appointment Scheduled","199000","","https://www.zillow.com/homedetails/125-N-Lake-Pointe-Dr-Columbia-SC-29229/11738333_zpid/ | For Sale | Agent: Mo Holler 803-400-6605"
"1720 Morninghill Dr, Columbia, SC 29210","Sales Pipeline","Appointment Scheduled","225000","","https://www.zillow.com/homedetails/1720-Morninghill-Dr-Columbia-SC-29210/11670090_zpid/ | For Sale | Agent: Re/Max Summit 803-983-3994"
"217 S Shields Rd, Columbia, SC 29223","Sales Pipeline","Appointment Scheduled","249900","","https://www.zillow.com/homedetails/217-S-Shields-Rd-Columbia-SC-29223/11729439_zpid/ | For Sale | Agent: Edward Chappell 803-949-0577"
"1522 Hibiscus St, Columbia, SC 29205","Sales Pipeline","Appointment Scheduled","170000","","https://www.zillow.com/homedetails/1522-Hibiscus-St-Columbia-SC-29205/11698384_zpid/ | For Sale | Agent: Beth Hite Bashore 803-356-2455"
"311 Spartan Dr, Columbia, SC 29212","Sales Pipeline","Appointment Scheduled","239900","","https://www.zillow.com/homedetails/311-Spartan-Dr-Columbia-SC-29212/11190824_zpid/ | For Sale | Agent: Beverly St George 803-732-2200"
"527 Providence Crossing Dr, Columbia, SC 29203","Sales Pipeline","Appointment Scheduled","165000","","https://www.zillow.com/homedetails/527-Providence-Crossing-Dr-Columbia-SC-29203/67618639_zpid/ | For Sale | Agent: Denise S Ross 888-440-2798"
"517 Windjammer Ln, Columbia, SC 29229","Sales Pipeline","Appointment Scheduled","293500","","https://www.zillow.com/homedetails/517-Windjammer-Ln-Columbia-SC-29229/121956874_zpid/ | For Sale | Agent: Vince Pace 803-764-3243"
"200 Gate Post Ln, Columbia, SC 29223","Sales Pipeline","Appointment Scheduled","199900","","https://www.zillow.com/homedetails/200-Gate-Post-Ln-Columbia-SC-29223/67601625_zpid/ | Townhouse | Agent: David Ryan 803-602-6500"
"119 Bosworth Field Ct, Columbia, SC 29212","Sales Pipeline","Appointment Scheduled","245000","","https://www.zillow.com/homedetails/119-Bosworth-Field-Ct-Columbia-SC-29212/11188176_zpid/ | For Sale | Agent: Chad Dorman 888-440-2798"
"3521 Ragsdale Dr, Columbia, SC 29209","Sales Pipeline","Appointment Scheduled","139900","","https://www.zillow.com/homedetails/3521-Ragsdale-Dr-Columbia-SC-29209/11735686_zpid/ | For Sale | Agent: Scott Baker 803-613-5083"
"2027 Leesburg Rd, Columbia, SC 29209","Sales Pipeline","Appointment Scheduled","239900","","https://www.zillow.com/homedetails/2027-Leesburg-Rd-Columbia-SC-29209/11725705_zpid/ | For Sale | Agent: Carlina Mitchell 864-770-5243"
"316 Legend Oaks Dr, Columbia, SC 29229","Sales Pipeline","Appointment Scheduled","199000","","https://www.zillow.com/homedetails/316-Legend-Oaks-Dr-Columbia-SC-29229/88011611_zpid/ | For Sale | Agent: Thomas Shoupe 480-462-5392"
"647 Delverton Rd, Columbia, SC 29203","Sales Pipeline","Appointment Scheduled","235000","","https://www.zillow.com/homedetails/647-Delverton-Rd-Columbia-SC-29203/11680281_zpid/ | For Sale | Agent: Kaundra Belton 803-602-6500"
"708 Wilmette Rd, Columbia, SC 29203","Sales Pipeline","Appointment Scheduled","209900","","https://www.zillow.com/homedetails/708-Wilmette-Rd-Columbia-SC-29203/11695922_zpid/ | For Sale | Agent: Constance Bennett 803-613-5083"
"6740 Frances St, Columbia, SC 29209","Sales Pipeline","Appointment Scheduled","204900","","https://www.zillow.com/homedetails/6740-Frances-St-Columbia-SC-29209/11714995_zpid/ | For Sale | Agent: Constance Bennett 803-613-5083"
"1253 Rabon Pond Dr, Columbia, SC 29223","Sales Pipeline","Appointment Scheduled","215000","","https://www.zillow.com/homedetails/1253-Rabon-Pond-Dr-Columbia-SC-29223/121966459_zpid/ | For Sale | Agent: LaToya Latimore 803-669-7142"
"130 Brandon Hall Rd, Columbia, SC 29229","Sales Pipeline","Appointment Scheduled","269000","","https://www.zillow.com/homedetails/130-Brandon-Hall-Rd-Columbia-SC-29229/67601521_zpid/ | For Sale | Agent: Shakena Pollock 803-250-5960"
"123 Mill Creek Pkwy, Columbia, SC 29209","Sales Pipeline","Appointment Scheduled","275000","","https://www.zillow.com/homedetails/123-Mill-Creek-Pkwy-Columbia-SC-29209/11724221_zpid/ | For Sale"
"8416 Little John Dr, Columbia, SC 29209","Sales Pipeline","Appointment Scheduled","170000","","https://www.zillow.com/homedetails/8416-Little-John-Dr-Columbia-SC-29209/11724146_zpid/ | For Sale | Agent: Avia Dozier 803-814-5007"
"1515 Rushmore Rd, Columbia, SC 29210","Sales Pipeline","Appointment Scheduled","229999","","https://www.zillow.com/homedetails/1515-Rushmore-Rd-Columbia-SC-29210/11673179_zpid/ | For Sale | Agent: Joey T Hardee 803-358-0888"
"1909 Mitchell St, Columbia, SC 29205","Sales Pipeline","Appointment Scheduled","199000","","https://www.zillow.com/homedetails/1909-Mitchell-St-Columbia-SC-29205/11682441_zpid/ | For Sale | Agent: Lesa Darnell 803-780-4536"
"721 Meadowlake Dr, Columbia, SC 29203","Sales Pipeline","Appointment Scheduled","180500","","https://www.zillow.com/homedetails/721-Meadowlake-Dr-Columbia-SC-29203/11695668_zpid/ | For Sale | Agent: Ariel Stewart 803-788-2811"
"104 Green Tree Dr, Columbia, SC 29203","Sales Pipeline","Appointment Scheduled","74000","","https://www.zillow.com/homedetails/104-Green-Tree-Dr-Columbia-SC-29203/11695607_zpid/ | For Sale | Agent: Rochelle Hicklin 803-814-6363"
"509 Ridge Trail Dr, Columbia, SC 29229","Sales Pipeline","Appointment Scheduled","232000","","https://www.zillow.com/homedetails/509-Ridge-Trail-Dr-Columbia-SC-29229/11741138_zpid/ | For Sale | Agent: Jamie Williams 803-732-9119"
"3414 Maybank St, Columbia, SC 29204","Sales Pipeline","Appointment Scheduled","119500","","https://www.zillow.com/homedetails/3414-Maybank-St-Columbia-SC-29204/11692739_zpid/ | For Sale | Agent: Casey Estridge 803-750-0071"
"4 Gardenwood Ct, Columbia, SC 29209","Sales Pipeline","Appointment Scheduled","159500","","https://www.zillow.com/homedetails/4-Gardenwood-Ct-Columbia-SC-29209/11734861_zpid/ | Townhouse | Agent: Sherry R Chesnutt 803-788-2811"
"924 Stebondale Rd, Columbia, SC 29203","Sales Pipeline","Appointment Scheduled","200000","","https://www.zillow.com/homedetails/924-Stebondale-Rd-Columbia-SC-29203/11692867_zpid/ | For Sale | Agent: Roderick Fluellen 864-770-5243"
"231 Gayle Pond Trce, Columbia, SC 29209","Sales Pipeline","Appointment Scheduled","265000","","https://www.zillow.com/homedetails/231-Gayle-Pond-Trce-Columbia-SC-29209/67608957_zpid/ | For Sale | Agent: Blair Johnson 843-737-0708"
"1700 N Woodstream Rd, Columbia, SC 29212","Sales Pipeline","Appointment Scheduled","275000","","https://www.zillow.com/homedetails/1700-N-Woodstream-Rd-Columbia-SC-29212/11191584_zpid/ | For Sale | Agent: Shelby Parler 803-732-2200"
"146 Brook Hollow Dr, Columbia, SC 29229","Sales Pipeline","Appointment Scheduled","282500","","https://www.zillow.com/homedetails/146-Brook-Hollow-Dr-Columbia-SC-29229/11731935_zpid/ | For Sale | Agent: Deonna M Wylie 803-388-8798"
"106 Avebury Ln, Columbia, SC 29229","Sales Pipeline","Appointment Scheduled","180000","","https://www.zillow.com/homedetails/106-Avebury-Ln-Columbia-SC-29229/61363666_zpid/ | For Sale | Agent: Joseph Dixon 803-832-2404"
"190 Morningside Dr, Columbia, SC 29210","Sales Pipeline","Appointment Scheduled","156500","","https://www.zillow.com/homedetails/190-Morningside-Dr-Columbia-SC-29210/11670789_zpid/ | For Sale | Agent: Julie Chrisman 803-781-1623"
"414 Angel Grove Ln, Columbia, SC 29210","Sales Pipeline","Appointment Scheduled","167000","","https://www.zillow.com/homedetails/414-Angel-Grove-Ln-Columbia-SC-29210/309259926_zpid/ | Townhouse | Agent: Ashley H Chason 803-771-9884"
"121 Moone Cross Dr, Columbia, SC 29209","Sales Pipeline","Appointment Scheduled","194900","","https://www.zillow.com/homedetails/121-Moone-Cross-Dr-Columbia-SC-29209/11735977_zpid/ | For Sale | Agent: Constance Bennett 803-613-5083"
"232 Twin Oaks Ln, Columbia, SC 29209","Sales Pipeline","Appointment Scheduled","200000","","https://www.zillow.com/homedetails/232-Twin-Oaks-Ln-Columbia-SC-29209/92390151_zpid/ | For Sale | Agent: Caleb Jones 864-230-4769"
"104 Rolling Knoll Dr, Columbia, SC 29229","Sales Pipeline","Appointment Scheduled","219000","","https://www.zillow.com/homedetails/104-Rolling-Knoll-Dr-Columbia-SC-29229/11733050_zpid/ | For Sale | Agent: Rochelle Hicklin 803-814-6363"
"113 Wescott Pl, Columbia, SC 29229","Sales Pipeline","Appointment Scheduled","299000","","https://www.zillow.com/homedetails/113-Wescott-Pl-Columbia-SC-29229/67616027_zpid/ | Townhouse | Agent: Lara Turner 803-736-5253"
"200 Kingston Trace Rd, Columbia, SC 29229","Sales Pipeline","Appointment Scheduled","189900","","https://www.zillow.com/homedetails/200-Kingston-Trace-Rd-Columbia-SC-29229/62990915_zpid/ | For Sale | Agent: Constance Bennett 803-613-5083"
"314 Glenn Ave, Columbia, SC 29203","Sales Pipeline","Appointment Scheduled","204000","","https://www.zillow.com/homedetails/314-Glenn-Ave-Columbia-SC-29203/11678256_zpid/ | For Sale | Agent: Thomas Shoupe 480-462-5392"
"132 Flora Springs Cir, Columbia, SC 29223","Sales Pipeline","Appointment Scheduled","265000","","https://www.zillow.com/homedetails/132-Flora-Springs-Cir-Columbia-SC-29223/118550326_zpid/ | For Sale | Agent: Anthony McCune 803-779-1844"
"30 Ward Ct, Columbia, SC 29223","Sales Pipeline","Appointment Scheduled","199900","","https://www.zillow.com/homedetails/30-Ward-Ct-Columbia-SC-29223/11711308_zpid/ | For Sale | Agent: Brian Marion 803-738-0078"
"319 Brook Hollow Dr, Columbia, SC 29229","Sales Pipeline","Appointment Scheduled","235000","","https://www.zillow.com/homedetails/319-Brook-Hollow-Dr-Columbia-SC-29229/11732221_zpid/ | For Sale | Agent: Ashley Elmore 803-602-6500"
"940 Rosedale Arch, Columbia, SC 29203","Sales Pipeline","Appointment Scheduled","165000","","https://www.zillow.com/homedetails/940-Rosedale-Arch-Columbia-SC-29203/11693043_zpid/ | For Sale | Agent: Nicholas Grant 803-602-6500"
"10 Mystic Way Dr, Columbia, SC 29229","Sales Pipeline","Appointment Scheduled","299900","","https://www.zillow.com/homedetails/10-Mystic-Way-Dr-Columbia-SC-29229/11741168_zpid/ | For Sale | Agent: Dylon Donnahoo 803-832-2404"
"203 May Oak Rd, Columbia, SC 29229","Sales Pipeline","Appointment Scheduled","239900","","https://www.zillow.com/homedetails/203-May-Oak-Rd-Columbia-SC-29229/55195185_zpid/ | For Sale | Agent: Gabrielle Pridgeon 803-240-8182"
"218 Gate Post Ln, Columbia, SC 29223","Sales Pipeline","Appointment Scheduled","193500","","https://www.zillow.com/homedetails/218-Gate-Post-Ln-Columbia-SC-29223/67601632_zpid/ | Townhouse | Agent: Bobby Irby 803-781-1623"
"400 Stanford St, Columbia, SC 29203","Sales Pipeline","Appointment Scheduled","99000","","https://www.zillow.com/homedetails/400-Stanford-St-Columbia-SC-29203/11694995_zpid/ | For Sale | Agent: Shannon Albers 803-567-5300"
"3208 Bush River Rd, Columbia, SC 29210","Sales Pipeline","Appointment Scheduled","215000","","https://www.zillow.com/homedetails/3208-Bush-River-Rd-Columbia-SC-29210/11199909_zpid/ | For Sale | Agent: Lawanda Dildy 877-366-2213"
"2530 Marling Dr, Columbia, SC 29204","Sales Pipeline","Appointment Scheduled","195000","","https://www.zillow.com/homedetails/2530-Marling-Dr-Columbia-SC-29204/11690118_zpid/ | For Sale | Agent: Celia Means 803-814-6002"
"875 Killian Station Dr, Columbia, SC 29229","Sales Pipeline","Appointment Scheduled","235000","","https://www.zillow.com/homedetails/875-Killian-Station-Dr-Columbia-SC-29229/88008765_zpid/ | For Sale | Agent: LaShanda Alexander 803-736-7870"
"324 Trowbridge Rd, Columbia, SC 29229","Sales Pipeline","Appointment Scheduled","209900","","https://www.zillow.com/homedetails/324-Trowbridge-Rd-Columbia-SC-29229/11732791_zpid/ | For Sale | Agent: Constance Bennett 803-613-5083"
"1115 Gardendale Dr, Columbia, SC 29210","Sales Pipeline","Appointment Scheduled","290000","","https://www.zillow.com/homedetails/1115-Gardendale-Dr-Columbia-SC-29210/11201117_zpid/ | For Sale | Agent: Liliana Carr 877-366-2213"
"1015 Greenlawn Dr, Columbia, SC 29209","Sales Pipeline","Appointment Scheduled","179900","","https://www.zillow.com/homedetails/1015-Greenlawn-Dr-Columbia-SC-29209/11715127_zpid/ | For Sale | Agent: Constance Bennett 803-613-5083"
"721 Vernon St, Columbia, SC 29203","Sales Pipeline","Appointment Scheduled","114900","","https://www.zillow.com/homedetails/721-Vernon-St-Columbia-SC-29203/11693490_zpid/ | For Sale | Agent: Constance Bennett 803-613-5083"
"527 Summit Terrace Ct, Columbia, SC 29229","Sales Pipeline","Appointment Scheduled","154900","","https://www.zillow.com/homedetails/527-Summit-Terrace-Ct-Columbia-SC-29229/71270983_zpid/ | For Sale | Agent: Coby Jennings 803-399-7239"
"6006 McMillan Cir, Columbia, SC 29212","Sales Pipeline","Appointment Scheduled","200000","","https://www.zillow.com/homedetails/6006-McMillan-Cir-Columbia-SC-29212/11191370_zpid/ | For Sale | Agent: Chad Williams 803-490-1877"
"196 Cottage Lake Way, Columbia, SC 29209","Sales Pipeline","Appointment Scheduled","219000","","https://www.zillow.com/homedetails/196-Cottage-Lake-Way-Columbia-SC-29209/80994359_zpid/ | For Sale | Agent: Sarah Bennett 803-828-3503"
"398 Fox Squirrel Cir, Columbia, SC 29209","Sales Pipeline","Appointment Scheduled","247000","","https://www.zillow.com/homedetails/398-Fox-Squirrel-Cir-Columbia-SC-29209/88012426_zpid/ | For Sale | Agent: Yoshiko Cantey 803-765-0211"
"1033 Rabon Pond Dr, Columbia, SC 29223","Sales Pipeline","Appointment Scheduled","190000","","https://www.zillow.com/homedetails/1033-Rabon-Pond-Dr-Columbia-SC-29223/110215462_zpid/ | For Sale | Agent: Thomas Shoupe 480-462-5392"
"100 Cottage Lake Way, Columbia, SC 29209","Sales Pipeline","Appointment Scheduled","209900","","https://www.zillow.com/homedetails/100-Cottage-Lake-Way-Columbia-SC-29209/81058247_zpid/ | For Sale | Agent: Constance Bennett 803-613-5083"
"7909 Sagebrook Rd, Columbia, SC 29223","Sales Pipeline","Appointment Scheduled","235000","","https://www.zillow.com/homedetails/7909-Sagebrook-Rd-Columbia-SC-29223/11721847_zpid/ | For Sale | Agent: Dr J Karoly 803-635-9675"
"116 Larchwood Dr, Columbia, SC 29203","Sales Pipeline","Appointment Scheduled","70000","","https://www.zillow.com/homedetails/116-Larchwood-Dr-Columbia-SC-29203/11694799_zpid/ | For Sale | Agent: David O Igiozee 803-786-6343"
"2532 Parkwood Dr, Columbia, SC 29204","Sales Pipeline","Appointment Scheduled","295000","","https://www.zillow.com/homedetails/2532-Parkwood-Dr-Columbia-SC-29204/11690149_zpid/ | For Sale | Agent: Julian Hays 803-814-6363"
"241 Chartwell Rd, Columbia, SC 29210","Sales Pipeline","Appointment Scheduled","214900","","https://www.zillow.com/homedetails/241-Chartwell-Rd-Columbia-SC-29210/11669997_zpid/ | For Sale | Agent: Constance Bennett 803-613-5083"
"7528 Terry St, Columbia, SC 29209","Sales Pipeline","Appointment Scheduled","154900","","https://www.zillow.com/homedetails/7528-Terry-St-Columbia-SC-29209/11724287_zpid/ | For Sale | Agent: Constance Bennett 803-613-5083"
"213 Elders Pond Dr, Columbia, SC 29229","Sales Pipeline","Appointment Scheduled","223000","","https://www.zillow.com/homedetails/213-Elders-Pond-Dr-Columbia-SC-29229/55194312_zpid/ | For Sale | Agent: Thomas Shoupe 480-462-5392"
"2024 Elmridge Rd, Columbia, SC 29209","Sales Pipeline","Appointment Scheduled","290000","","https://www.zillow.com/homedetails/2024-Elmridge-Rd-Columbia-SC-29209/2067361451_zpid/ | For Sale | Agent: Diane Jacobs 803-386-0575"
"3224 Bronx Rd, Columbia, SC 29204","Sales Pipeline","Appointment Scheduled","165000","","https://www.zillow.com/homedetails/3224-Bronx-Rd-Columbia-SC-29204/11692749_zpid/ | For Sale | Agent: Joe Eller 888-440-2798"
"231 Sparkleberry Ln, Columbia, SC 29229","Sales Pipeline","Appointment Scheduled","244900","","https://www.zillow.com/homedetails/231-Sparkleberry-Ln-Columbia-SC-29229/11738035_zpid/ | For Sale | Agent: Constance Bennett 803-613-5083"
"960 Zimalcrest Dr, Columbia, SC 29210","Sales Pipeline","Appointment Scheduled","224900","","https://www.zillow.com/homedetails/960-Zimalcrest-Dr-Columbia-SC-29210/300044230_zpid/ | For Sale | Agent: Adam Bedenbaugh 803-358-0888"
"413 Autumn Run Cir, Columbia, SC 29229","Sales Pipeline","Appointment Scheduled","205000","","https://www.zillow.com/homedetails/413-Autumn-Run-Cir-Columbia-SC-29229/61363824_zpid/ | For Sale | Agent: Joi Cobbs 803-602-6500"
"137 Westbridge Rd, Columbia, SC 29223","Sales Pipeline","Appointment Scheduled","185000","","https://www.zillow.com/homedetails/137-Westbridge-Rd-Columbia-SC-29223/11722270_zpid/ | For Sale | Agent: Natalie Ventura 803-490-1877"
"5222 Mauldin Ave, Columbia, SC 29203","Sales Pipeline","Appointment Scheduled","125000","","https://www.zillow.com/homedetails/5222-Mauldin-Ave-Columbia-SC-29203/11691758_zpid/ | For Sale | Agent: Staci Green 803-832-2404"
"324 Bombing Range Rd, Columbia, SC 29229","Sales Pipeline","Appointment Scheduled","194900","","https://www.zillow.com/homedetails/324-Bombing-Range-Rd-Columbia-SC-29229/62990963_zpid/ | For Sale | Agent: Constance Bennett 803-613-5083"
"145 Patio Pl, Columbia, SC 29212","Sales Pipeline","Appointment Scheduled","299900","","https://www.zillow.com/homedetails/145-Patio-Pl-Columbia-SC-29212/11668720_zpid/ | For Sale | Agent: Bonni Jeffers 803-780-4536"
"223 Northwood St, Columbia, SC 29201","Sales Pipeline","Appointment Scheduled","230000","","https://www.zillow.com/homedetails/223-Northwood-St-Columbia-SC-29201/121971166_zpid/ | Townhouse | Agent: William Dennis 803-722-1900"
"277 Piney Grove Rd, Columbia, SC 29210","Sales Pipeline","Appointment Scheduled","189900","","https://www.zillow.com/homedetails/277-Piney-Grove-Rd-Columbia-SC-29210/11195687_zpid/ | For Sale | Agent: Angela Cerbelli 803-548-4995"
"499 Glacier Way, Columbia, SC 29229","Sales Pipeline","Appointment Scheduled","249000","","https://www.zillow.com/homedetails/499-Glacier-Way-Columbia-SC-29229/121967777_zpid/ | For Sale | Agent: Steven Koleno 804-656-5007"
"326 Townes Rd, Columbia, SC 29210","Sales Pipeline","Appointment Scheduled","285900","","https://www.zillow.com/homedetails/326-Townes-Rd-Columbia-SC-29210/11195218_zpid/ | For Sale | Agent: Lexi Neff 888-440-2798"
"249 Knight Valley Cir, Columbia, SC 29209","Sales Pipeline","Appointment Scheduled","265000","","https://www.zillow.com/homedetails/249-Knight-Valley-Cir-Columbia-SC-29209/121953731_zpid/ | For Sale | Agent: Thomas Shoupe 480-462-5392"
"304 Glen Knoll Dr, Columbia, SC 29229","Sales Pipeline","Appointment Scheduled","199900","","https://www.zillow.com/homedetails/304-Glen-Knoll-Dr-Columbia-SC-29229/67601586_zpid/ | For Sale | Agent: Constance Bennett 803-613-5083"
"3741 Humphrey Dr, Columbia, SC 29223","Sales Pipeline","Appointment Scheduled","210000","","https://www.zillow.com/homedetails/3741-Humphrey-Dr-Columbia-SC-29223/11711236_zpid/ | For Sale | Agent: Amber Gray 877-366-2213"
"2815 Wesley Dr, Columbia, SC 29204","Sales Pipeline","Appointment Scheduled","155000","","https://www.zillow.com/homedetails/2815-Wesley-Dr-Columbia-SC-29204/11689778_zpid/ | For Sale | Agent: Carl Vollmer 803-722-1900"
"80 N Lake Pointe Dr, Columbia, SC 29229","Sales Pipeline","Appointment Scheduled","174500","","https://www.zillow.com/homedetails/80-N-Lake-Pointe-Dr-Columbia-SC-29229/11738301_zpid/ | Townhouse | Agent: Keith Ancone 803-722-1900"
"1731 Cermack St, Columbia, SC 29223","Sales Pipeline","Appointment Scheduled","189900","","https://www.zillow.com/homedetails/1731-Cermack-St-Columbia-SC-29223/11719430_zpid/ | For Sale | Agent: Jeanna Farley 803-788-2811"
"303 Bassett Loop, Columbia, SC 29229","Sales Pipeline","Appointment Scheduled","229900","","https://www.zillow.com/homedetails/303-Bassett-Loop-Columbia-SC-29229/71263732_zpid/ | For Sale | Agent: Constance Bennett 803-613-5083"
"1513 Alpha Ct, Columbia, SC 29223","Sales Pipeline","Appointment Scheduled","179000","","https://www.zillow.com/homedetails/1513-Alpha-Ct-Columbia-SC-29223/11726849_zpid/ | For Sale | Agent: Thomas Shoupe 480-462-5392"
"515 Summit Terrace Ct, Columbia, SC 29229","Sales Pipeline","Appointment Scheduled","154900","","https://www.zillow.com/homedetails/515-Summit-Terrace-Ct-Columbia-SC-29229/71270977_zpid/ | For Sale | Agent: Ying Chen 888-440-2798"
"5 Larkin Ct, Columbia, SC 29203","Sales Pipeline","Appointment Scheduled","204900","","https://www.zillow.com/homedetails/5-Larkin-Ct-Columbia-SC-29203/11681489_zpid/ | For Sale | Agent: Constance Bennett 803-613-5083"
"3717 Lochmore Dr, Columbia, SC 29209","Sales Pipeline","Appointment Scheduled","159000","","https://www.zillow.com/homedetails/3717-Lochmore-Dr-Columbia-SC-29209/11735122_zpid/ | For Sale | Agent: Gary W Vo 803-399-7239"
"217 Aster Cir, Columbia, SC 29201","Sales Pipeline","Appointment Scheduled","170000","","https://www.zillow.com/homedetails/217-Aster-Cir-Columbia-SC-29201/11697475_zpid/ | FSBO"
"219 Finsbury Rd, Columbia, SC 29212","Sales Pipeline","Appointment Scheduled","257000","","https://www.zillow.com/homedetails/219-Finsbury-Rd-Columbia-SC-29212/11188219_zpid/ | For Sale | Agent: Stefan Cosola 803-409-0830"
"413 Seton Hall Dr, Columbia, SC 29223","Sales Pipeline","Appointment Scheduled","229900","","https://www.zillow.com/homedetails/413-Seton-Hall-Dr-Columbia-SC-29223/11732137_zpid/ | For Sale | Agent: Belle Realty and Associates 864-266-2863"
"1005 Wildwood Ave, Columbia, SC 29203","Sales Pipeline","Appointment Scheduled","299000","","https://www.zillow.com/homedetails/1005-Wildwood-Ave-Columbia-SC-29203/300044451_zpid/ | For Sale | Agent: Benjamin Johnson 803-256-6295"
"320 Sawtimber Ln, Columbia, SC 29209","Sales Pipeline","Appointment Scheduled","154900","","https://www.zillow.com/homedetails/320-Sawtimber-Ln-Columbia-SC-29209/11735885_zpid/ | For Sale | Agent: Constance Bennett 803-613-5083"
"3905 Lamar St, Columbia, SC 29203","Sales Pipeline","Appointment Scheduled","185000","","https://www.zillow.com/homedetails/3905-Lamar-St-Columbia-SC-29203/11678735_zpid/ | For Sale | Agent: Justin Boneparte 803-772-5858"
"2000 Elmridge Rd, Columbia, SC 29209","Sales Pipeline","Appointment Scheduled","279900","","https://www.zillow.com/homedetails/2000-Elmridge-Rd-Columbia-SC-29209/2067361781_zpid/ | For Sale | Agent: Heather Butler 888-455-6040"
"149 Angel Garden Way, Columbia, SC 29223","Sales Pipeline","Appointment Scheduled","214000","","https://www.zillow.com/homedetails/149-Angel-Garden-Way-Columbia-SC-29223/92396392_zpid/ | For Sale | Agent: Thomas Shoupe 480-462-5392"
"5204 Glenmount St, Columbia, SC 29212","Sales Pipeline","Appointment Scheduled","257500","","https://www.zillow.com/homedetails/5204-Glenmount-St-Columbia-SC-29212/11190794_zpid/ | For Sale | Agent: James R Murray 803-799-8035"
"935 Eastman St, Columbia, SC 29203","Sales Pipeline","Appointment Scheduled","200000","","https://www.zillow.com/homedetails/935-Eastman-St-Columbia-SC-29203/11693735_zpid/ | For Sale | Agent: Joshua Drake 803-490-1877"
"521 S Bull St, Columbia, SC 29205","Sales Pipeline","Appointment Scheduled","295000","","https://www.zillow.com/homedetails/521-S-Bull-St-Columbia-SC-29205/110227264_zpid/ | For Sale | Agent: Forrest Ryan 803-732-2200"
"9429 S Chelsea Rd, Columbia, SC 29223","Sales Pipeline","Appointment Scheduled","239900","","https://www.zillow.com/homedetails/9429-S-Chelsea-Rd-Columbia-SC-29223/11728224_zpid/ | For Sale | Agent: Jeannie Michaels 803-358-0888"
"40 Brooksby Ct, Columbia, SC 29209","Sales Pipeline","Appointment Scheduled","239900","","https://www.zillow.com/homedetails/40-Brooksby-Ct-Columbia-SC-29209/88001243_zpid/ | For Sale | Agent: Mack Ouzts 803-799-8035"
"808 Kingsbridge Rd, Columbia, SC 29210","Sales Pipeline","Appointment Scheduled","299900","","https://www.zillow.com/homedetails/808-Kingsbridge-Rd-Columbia-SC-29210/11200048_zpid/ | For Sale | Agent: Calhoun McMeekin 803-771-4567"
"407 Sesqui Trl, Columbia, SC 29223","Sales Pipeline","Appointment Scheduled","249900","","https://www.zillow.com/homedetails/407-Sesqui-Trl-Columbia-SC-29223/11736909_zpid/ | For Sale | Agent: Kirsten Hauge 803-683-2210"
"113 Salusbury Ln, Columbia, SC 29229","Sales Pipeline","Appointment Scheduled","244900","","https://www.zillow.com/homedetails/113-Salusbury-Ln-Columbia-SC-29229/11731729_zpid/ | For Sale | Agent: Gaymon Realty Group 803-236-3961"
"2309 Cunningham Rd, Columbia, SC 29210","Sales Pipeline","Appointment Scheduled","274900","","https://www.zillow.com/homedetails/2309-Cunningham-Rd-Columbia-SC-29210/11674367_zpid/ | For Sale | Agent: Mark Baatz 803-732-2200"
"133 Shoreditch Dr, Columbia, SC 29209","Sales Pipeline","Appointment Scheduled","165000","","https://www.zillow.com/homedetails/133-Shoreditch-Dr-Columbia-SC-29209/11735457_zpid/ | For Sale | Agent: Cassandra Brice 877-366-2213"
"272 Bassett Loop, Columbia, SC 29229","Sales Pipeline","Appointment Scheduled","279750","","https://www.zillow.com/homedetails/272-Bassett-Loop-Columbia-SC-29229/71265970_zpid/ | For Sale | Agent: Kelli Tutsie 803-358-0888"
"5666 Middleton Ct, Columbia, SC 29203","Sales Pipeline","Appointment Scheduled","199900","","https://www.zillow.com/homedetails/5666-Middleton-Ct-Columbia-SC-29203/11693573_zpid/ | For Sale | Agent: Mary Morgan Kerlagon 803-251-9855"
"29 Battery Walk Ct, Columbia, SC 29212","Sales Pipeline","Appointment Scheduled","150000","","https://www.zillow.com/homedetails/29-Battery-Walk-Ct-Columbia-SC-29212/2101663601_zpid/ | Townhouse | Agent: Tyjuan Montgomery 803-732-2200"
"517 Johnson Ave, Columbia, SC 29203","Sales Pipeline","Appointment Scheduled","119900","","https://www.zillow.com/homedetails/517-Johnson-Ave-Columbia-SC-29203/11677971_zpid/ | For Sale | Agent: Constance Bennett 803-613-5083"
"1339 Bon Air Dr, Columbia, SC 29203","Sales Pipeline","Appointment Scheduled","215000","","https://www.zillow.com/homedetails/1339-Bon-Air-Dr-Columbia-SC-29203/11680653_zpid/ | For Sale | Agent: Staci Green 803-832-2404"
"205 Parliament Dr, Columbia, SC 29223","Sales Pipeline","Appointment Scheduled","220000","","https://www.zillow.com/homedetails/205-Parliament-Dr-Columbia-SC-29223/11731367_zpid/ | For Sale | Agent: Avia Dozier 803-814-5007"
"212 Kendrick Rd, Columbia, SC 29229","Sales Pipeline","Appointment Scheduled","224999","","https://www.zillow.com/homedetails/212-Kendrick-Rd-Columbia-SC-29229/55194224_zpid/ | For Sale | Agent: Angelia Dodson 803-828-3503"
"205 Twin Oaks Ln, Columbia, SC 29209","Sales Pipeline","Appointment Scheduled","205000","","https://www.zillow.com/homedetails/205-Twin-Oaks-Ln-Columbia-SC-29209/55194647_zpid/ | For Sale | Agent: Henrietta Gadson 803-771-2424"
"17 Cypress Cove Rd, Columbia, SC 29229","Sales Pipeline","Appointment Scheduled","270000","","https://www.zillow.com/homedetails/17-Cypress-Cove-Rd-Columbia-SC-29229/121957026_zpid/ | For Sale | Agent: Braden Greer 888-440-2798"
"5525 Randall Ave, Columbia, SC 29203","Sales Pipeline","Appointment Scheduled","135000","","https://www.zillow.com/homedetails/5525-Randall-Ave-Columbia-SC-29203/11693266_zpid/ | For Sale | Agent: Renard Perry 803-388-8798"
"1050 Rabon Pond Dr, Columbia, SC 29223","Sales Pipeline","Appointment Scheduled","225000","","https://www.zillow.com/homedetails/1050-Rabon-Pond-Dr-Columbia-SC-29223/118550265_zpid/ | For Sale | Agent: Thomas Shoupe 480-462-5392"
"3109 Downes Grove Rd, Columbia, SC 29209","Sales Pipeline","Appointment Scheduled","290000","","https://www.zillow.com/homedetails/3109-Downes-Grove-Rd-Columbia-SC-29209/11726213_zpid/ | For Sale | Agent: M Yvette McCoy 803-754-3885"
"1155 Cloister Pl, Columbia, SC 29210","Sales Pipeline","Appointment Scheduled","169000","","https://www.zillow.com/homedetails/1155-Cloister-Pl-Columbia-SC-29210/11670733_zpid/ | Townhouse | Agent: Sherrie L Porter 803-356-2455"
"1622 Crestview Ave, Columbia, SC 29223","Sales Pipeline","Appointment Scheduled","229900","","https://www.zillow.com/homedetails/1622-Crestview-Ave-Columbia-SC-29223/11720527_zpid/ | For Sale | Agent: Becky Traynham 803-764-7968"
"104 Talltree Ln, Columbia, SC 29229","Sales Pipeline","Appointment Scheduled","259000","","https://www.zillow.com/homedetails/104-Talltree-Ln-Columbia-SC-29229/52114815_zpid/ | For Sale | Agent: Nellie D Smith 803-399-7239"
"6810 Satchel Ford Rd, Columbia, SC 29206","Sales Pipeline","Appointment Scheduled","215000","","https://www.zillow.com/homedetails/6810-Satchel-Ford-Rd-Columbia-SC-29206/11710911_zpid/ | For Sale | Agent: JD Powers 803-381-1031"
"1253 Mosser Dr, Columbia, SC 29203","Sales Pipeline","Appointment Scheduled","255000","","https://www.zillow.com/homedetails/1253-Mosser-Dr-Columbia-SC-29203/440782170_zpid/ | For Sale | Agent: Brad Davis 803-381-8950"
"225 Fernview Dr, Columbia, SC 29229","Sales Pipeline","Appointment Scheduled","254900","","https://www.zillow.com/homedetails/225-Fernview-Dr-Columbia-SC-29229/11741303_zpid/ | For Sale | Agent: Constance Bennett 803-613-5083"
"4100 Highland Park Dr, Columbia, SC 29204","Sales Pipeline","Appointment Scheduled","181000","","https://www.zillow.com/homedetails/4100-Highland-Park-Dr-Columbia-SC-29204/11709967_zpid/ | For Sale | Agent: Ruslan Roberts 803-602-6500"
"245 Dove Park Rd, Columbia, SC 29223","Sales Pipeline","Appointment Scheduled","239900","","https://www.zillow.com/homedetails/245-Dove-Park-Rd-Columbia-SC-29223/52114868_zpid/ | For Sale | Agent: Lisa Moon 803-851-3160"
"1602 Conestoga Cir, Columbia, SC 29223","Sales Pipeline","Appointment Scheduled","127000","","https://www.zillow.com/homedetails/1602-Conestoga-Cir-Columbia-SC-29223/11719374_zpid/ | For Sale | Agent: Steve Cowart 803-388-8798"
"9 Twin Oaks Cir, Columbia, SC 29209","Sales Pipeline","Appointment Scheduled","277000","","https://www.zillow.com/homedetails/9-Twin-Oaks-Cir-Columbia-SC-29209/11734927_zpid/ | For Sale | Agent: Laura Moye 803-381-8950"
"135 Waterville Dr, Columbia, SC 29229","Sales Pipeline","Appointment Scheduled","299900","","https://www.zillow.com/homedetails/135-Waterville-Dr-Columbia-SC-29229/67616295_zpid/ | For Sale | Agent: JT Livingston 803-772-5858"
"398 Keeble Dr, Columbia, SC 29223","Sales Pipeline","Appointment Scheduled","270000","","https://www.zillow.com/homedetails/398-Keeble-Dr-Columbia-SC-29223/462991498_zpid/ | For Sale | Agent: Tieyanna White 877-366-2213"
"103 Village Way, Columbia, SC 29209","Sales Pipeline","Appointment Scheduled","230000","","https://www.zillow.com/homedetails/103-Village-Way-Columbia-SC-29209/67597713_zpid/ | For Sale | Agent: Jamila Anderson 803-683-2210"
"25 Heatherlaurel Ct, Columbia, SC 29223","Sales Pipeline","Appointment Scheduled","270000","","https://www.zillow.com/homedetails/25-Heatherlaurel-Ct-Columbia-SC-29223/121964812_zpid/ | For Sale | Agent: Haleigh Robbins 803-779-1844"
"3408 Belvedere Dr, Columbia, SC 29204","Sales Pipeline","Appointment Scheduled","143000","","https://www.zillow.com/homedetails/3408-Belvedere-Dr-Columbia-SC-29204/11692686_zpid/ | For Sale | Agent: Adam Bedenbaugh 803-358-0888"
"125 Cedar Glen Ln, Columbia, SC 29223","Sales Pipeline","Appointment Scheduled","162000","","https://www.zillow.com/homedetails/125-Cedar-Glen-Ln-Columbia-SC-29223/71271635_zpid/ | For Sale | Agent: Nichol Hare 803-309-7534"
"0 S Heyward Brockington Ct, Columbia, SC 29203","Sales Pipeline","Appointment Scheduled","120000","","https://www.zillow.com/homedetails/0-S-Heyward-Brockington-Ct-Columbia-SC-29203/461296872_zpid/ | Land | Agent: Taquoia Beals 803-602-6500"
"124 Farrow Pointe Ln, Columbia, SC 29203","Sales Pipeline","Appointment Scheduled","289500","","https://www.zillow.com/homedetails/124-Farrow-Pointe-Ln-Columbia-SC-29203/121961182_zpid/ | For Sale | Agent: Sheila Bell 803-251-9855"
"2930 English Ave, Columbia, SC 29204","Sales Pipeline","Appointment Scheduled","219800","","https://www.zillow.com/homedetails/2930-English-Ave-Columbia-SC-29204/11691877_zpid/ | For Sale | Agent: Julius Washington 803-399-7239"
"213 Greemount Cir, Columbia, SC 29209","Sales Pipeline","Appointment Scheduled","230000","","https://www.zillow.com/homedetails/213-Greemount-Cir-Columbia-SC-29209/92387659_zpid/ | For Sale | Agent: Aaron Richardson 803-957-5566"
"13 Gatewood Way, Columbia, SC 29229","Sales Pipeline","Appointment Scheduled","200000","","https://www.zillow.com/homedetails/13-Gatewood-Way-Columbia-SC-29229/67615272_zpid/ | For Sale | Agent: Jasmine Moore 803-490-1877"
"328 Galbra St, Columbia, SC 29209","Sales Pipeline","Appointment Scheduled","144900","","https://www.zillow.com/homedetails/328-Galbra-St-Columbia-SC-29209/11735855_zpid/ | For Sale | Agent: Constance Bennett 803-613-5083"
"409 Todd Branch Dr, Columbia, SC 29223","Sales Pipeline","Appointment Scheduled","149900","","https://www.zillow.com/homedetails/409-Todd-Branch-Dr-Columbia-SC-29223/11728524_zpid/ | For Sale | Agent: Constance Bennett 803-613-5083"
"824 Laurel St, Columbia, SC 29201","Sales Pipeline","Appointment Scheduled","164700","","https://www.zillow.com/homedetails/824-Laurel-St-Columbia-SC-29201/121958758_zpid/ | Land | Agent: Lauren Small 803-409-0830"
"112 Stanford St, Columbia, SC 29203","Sales Pipeline","Appointment Scheduled","229000","","https://www.zillow.com/homedetails/112-Stanford-St-Columbia-SC-29203/11694639_zpid/ | For Sale | Agent: Tori Eakes 803-732-2200"
"1146 Castle Pinckney Rd, Columbia, SC 29223","Sales Pipeline","Appointment Scheduled","137150","","https://www.zillow.com/homedetails/1146-Castle-Pinckney-Rd-Columbia-SC-29223/11719498_zpid/ | For Sale | Agent: Julie Chrisman 803-781-1623"
"141 Wincay Rd, Columbia, SC 29223","Sales Pipeline","Appointment Scheduled","168000","","https://www.zillow.com/homedetails/141-Wincay-Rd-Columbia-SC-29223/71270824_zpid/ | For Sale | Agent: Novella Taylor 803-736-7870"
"9194 Windsor Lake Blvd, Columbia, SC 29223","Sales Pipeline","Appointment Scheduled","280000","","https://www.zillow.com/homedetails/9194-Windsor-Lake-Blvd-Columbia-SC-29223/67615159_zpid/ | For Sale | Agent: Kenny McCuien 877-366-2213"
"217 Branchview Dr, Columbia, SC 29229","Sales Pipeline","Appointment Scheduled","271000","","https://www.zillow.com/homedetails/217-Branchview-Dr-Columbia-SC-29229/55195744_zpid/ | For Sale | Agent: Thomas Shoupe 480-462-5392"
"4243 Mandel Dr, Columbia, SC 29210","Sales Pipeline","Appointment Scheduled","195000","","https://www.zillow.com/homedetails/4243-Mandel-Dr-Columbia-SC-29210/11671261_zpid/ | For Sale | Agent: Carrie Waring 803-599-8400"
"121 Travers Ln, Columbia, SC 29223","Sales Pipeline","Appointment Scheduled","255000","","https://www.zillow.com/homedetails/121-Travers-Ln-Columbia-SC-29223/462923492_zpid/ | For Sale | Agent: Jamell Casteal 803-602-6500"
"4100 Boxwood Dr, Columbia, SC 29205","Sales Pipeline","Appointment Scheduled","199900","","https://www.zillow.com/homedetails/4100-Boxwood-Dr-Columbia-SC-29205/11698485_zpid/ | For Sale | Agent: Brand Name Real Estate"
"367 Marshdeer Way, Columbia, SC 29229","Sales Pipeline","Appointment Scheduled","232000","","https://www.zillow.com/homedetails/367-Marshdeer-Way-Columbia-SC-29229/88007997_zpid/ | For Sale | Agent: Marcia Folligan 803-767-8727"
"2776 Prince Charles Ct, Columbia, SC 29209","Sales Pipeline","Appointment Scheduled","245000","","https://www.zillow.com/homedetails/2776-Prince-Charles-Ct-Columbia-SC-29209/2060374317_zpid/ | For Sale | Agent: Christina Myers 803-567-5300"
"33 Heritage Village Ln, Columbia, SC 29212","Sales Pipeline","Appointment Scheduled","174500","","https://www.zillow.com/homedetails/33-Heritage-Village-Ln-Columbia-SC-29212/11671786_zpid/ | For Sale | Agent: Jesse Stephenson 803-220-7405"
"1200 Bluff Rd #198, Columbia, SC 29201","Sales Pipeline","Appointment Scheduled","15000","","https://www.zillow.com/homedetails/1200-Bluff-Rd-198-Columbia-SC-29201/462627660_zpid/ | Land | Agent: Liz Black Ketchum 704-919-0073"
"1601 Wynnewood Rd, Columbia, SC 29223","Sales Pipeline","Appointment Scheduled","164900","","https://www.zillow.com/homedetails/1601-Wynnewood-Rd-Columbia-SC-29223/11720320_zpid/ | For Sale | Agent: Constance Bennett 803-613-5083"
"48 Castle Cary Ct, Columbia, SC 29209","Sales Pipeline","Appointment Scheduled","229000","","https://www.zillow.com/homedetails/48-Castle-Cary-Ct-Columbia-SC-29209/88011122_zpid/ | For Sale | Agent: Liz Anderson 803-788-2811"
"2012 Bolt Dr, Anderson, SC 29621","Sales Pipeline","Appointment Scheduled","230000","","https://www.zillow.com/homedetails/2012-Bolt-Dr-Anderson-SC-29621/10795640_zpid/ | For Sale | Agent: EXP Realty LLC 864-293-0942"
"125 Deer Hound Trl, Columbia, SC 29223","Sales Pipeline","Appointment Scheduled","179900","","https://www.zillow.com/homedetails/125-Deer-Hound-Trl-Columbia-SC-29223/55194906_zpid/ | For Sale | Agent: Greg Newman 803-788-2811"
"109 Christian St, Columbia, SC 29203","Sales Pipeline","Appointment Scheduled","195000","","https://www.zillow.com/homedetails/109-Christian-St-Columbia-SC-29203/11710175_zpid/ | For Sale | Agent: Keneitra Clark 803-719-3194"
"34 Nottingham Ct, Columbia, SC 29209","Sales Pipeline","Appointment Scheduled","285000","","https://www.zillow.com/homedetails/34-Nottingham-Ct-Columbia-SC-29209/92394300_zpid/ | For Sale | Agent: Talisha L Walker 888-440-2798"
"4040 Conners St, Columbia, SC 29204","Sales Pipeline","Appointment Scheduled","24000","","https://www.zillow.com/homedetails/4040-Conners-St-Columbia-SC-29204/121966915_zpid/ | Land | Agent: Bianca Castillo 803-490-1877"
"129 Kings Parish Ct, Columbia, SC 29209","Sales Pipeline","Appointment Scheduled","239000","","https://www.zillow.com/homedetails/129-Kings-Parish-Ct-Columbia-SC-29209/2058807719_zpid/ | For Sale | Agent: Tricia R Kim 803-722-1900"
"6 Crescent Ln, Columbia, SC 29212","Sales Pipeline","Appointment Scheduled","175000","","https://www.zillow.com/homedetails/6-Crescent-Ln-Columbia-SC-29212/11188389_zpid/ | Townhouse | Agent: David Kafitz 803-678-7110"
"2434 Paxton St, Columbia, SC 29204","Sales Pipeline","Appointment Scheduled","209900","","https://www.zillow.com/homedetails/2434-Paxton-St-Columbia-SC-29204/11692363_zpid/ | For Sale | Agent: Lora Compas 803-920-6231"
"3652 Hoyt St, Columbia, SC 29223","Sales Pipeline","Appointment Scheduled","219000","","https://www.zillow.com/homedetails/3652-Hoyt-St-Columbia-SC-29223/11711720_zpid/ | For Sale | Agent: Coby Jennings 803-399-7239"
"408 Todd Branch Dr, Columbia, SC 29223","Sales Pipeline","Appointment Scheduled","149900","","https://www.zillow.com/homedetails/408-Todd-Branch-Dr-Columbia-SC-29223/11728501_zpid/ | For Sale | Agent: Constance Bennett 803-613-5083"
"Lang Rd #1, Columbia, SC 29204","Sales Pipeline","Appointment Scheduled","50000","","https://www.zillow.com/homedetails/Lang-Rd-1-Columbia-SC-29204/462000314_zpid/ | Land | Agent: Barbara Alexander 877-366-2213"
"1803 Cermack St, Columbia, SC 29223","Sales Pipeline","Appointment Scheduled","225000","","https://www.zillow.com/homedetails/1803-Cermack-St-Columbia-SC-29223/11719434_zpid/ | For Sale | Agent: Mary Ellen Perretta 803-704-5209"
"417 White Cedar Dr, Columbia, SC 29229","Sales Pipeline","Appointment Scheduled","210000","","https://www.zillow.com/homedetails/417-White-Cedar-Dr-Columbia-SC-29229/92390878_zpid/ | For Sale | Agent: Kinsley Mickle 877-366-2213"
"6930 Monticello Rd, Columbia, SC 29203","Sales Pipeline","Appointment Scheduled","75000","","https://www.zillow.com/homedetails/6930-Monticello-Rd-Columbia-SC-29203/11680477_zpid/ | For Sale | Agent: Brad Dampier 803-477-3930"
"16 Sessile Ct, Columbia, SC 29203","Sales Pipeline","Appointment Scheduled","270000","","https://www.zillow.com/homedetails/16-Sessile-Ct-Columbia-SC-29203/370670869_zpid/ | For Sale | Agent: Antoinette Bolton 803-399-7239"
"3821 Trotter Rd, Columbia, SC 29209","Sales Pipeline","Appointment Scheduled","154900","","https://www.zillow.com/homedetails/3821-Trotter-Rd-Columbia-SC-29209/11735287_zpid/ | For Sale | Agent: Constance Bennett 803-613-5083"
"5 Sterling Ridge Ct, Columbia, SC 29229","Sales Pipeline","Appointment Scheduled","230000","","https://www.zillow.com/homedetails/5-Sterling-Ridge-Ct-Columbia-SC-29229/55195491_zpid/ | For Sale | Agent: Mike Matulis 803-781-1623"
"1558 Hazelwood Rd, Columbia, SC 29209","Sales Pipeline","Appointment Scheduled","168000","","https://www.zillow.com/homedetails/1558-Hazelwood-Rd-Columbia-SC-29209/11724622_zpid/ | For Sale | Agent: Thomas Shoupe 480-462-5392"
"205 Oak Manor Dr, Columbia, SC 29229","Sales Pipeline","Appointment Scheduled","255000","","https://www.zillow.com/homedetails/205-Oak-Manor-Dr-Columbia-SC-29229/11740272_zpid/ | For Sale | Agent: Dennis Quinn 803-788-2811"
"663 Wooster Dr, Columbia, SC 29223","Sales Pipeline","Appointment Scheduled","249900","","https://www.zillow.com/homedetails/663-Wooster-Dr-Columbia-SC-29223/461988044_zpid/ | For Sale | Agent: Julius Washington 803-399-7239"
"303 Harbor Dr, Columbia, SC 29229","Sales Pipeline","Appointment Scheduled","150000","","https://www.zillow.com/homedetails/303-Harbor-Dr-Columbia-SC-29229/121818519_zpid/ | Land | Agent: Shelton Yonce 803-356-2455"
"385 Hickory Hill Dr, Columbia, SC 29210","Sales Pipeline","Appointment Scheduled","99000","","https://www.zillow.com/homedetails/385-Hickory-Hill-Dr-Columbia-SC-29210/11671493_zpid/ | Townhouse | Agent: Rochelle Hicklin 803-814-6363"
"29 Hampton Oaks Pl, Columbia, SC 29212","Sales Pipeline","Appointment Scheduled","170000","","https://www.zillow.com/homedetails/29-Hampton-Oaks-Pl-Columbia-SC-29212/55192904_zpid/ | For Sale | Agent: Beverly St George 803-732-2200"
"1734 Nearview Ave, Columbia, SC 29223","Sales Pipeline","Appointment Scheduled","164900","","https://www.zillow.com/homedetails/1734-Nearview-Ave-Columbia-SC-29223/11726923_zpid/ | For Sale | Agent: Constance Bennett 803-613-5083"
"320 Redwood Ct, Columbia, SC 29223","Sales Pipeline","Appointment Scheduled","190000","","https://www.zillow.com/homedetails/320-Redwood-Ct-Columbia-SC-29223/11710999_zpid/ | For Sale | Agent: Thomas Shoupe 480-462-5392"
"146 Dunham Rd, Columbia, SC 29209","Sales Pipeline","Appointment Scheduled","299000","","https://www.zillow.com/homedetails/146-Dunham-Rd-Columbia-SC-29209/2061751134_zpid/ | For Sale | Agent: Lesa Darnell 803-780-4536"
"7626 Terry St, Columbia, SC 29209","Sales Pipeline","Appointment Scheduled","117500","","https://www.zillow.com/homedetails/7626-Terry-St-Columbia-SC-29209/11724583_zpid/ | For Sale | Agent: Julie Chrisman 803-781-1623"
"316 E Waverly Place Ct, Columbia, SC 29229","Sales Pipeline","Appointment Scheduled","249750","","https://www.zillow.com/homedetails/316-E-Waverly-Place-Ct-Columbia-SC-29229/67612042_zpid/ | For Sale | Agent: Alrico Tungol 803-756-2966"
"822 Apache Dr, Columbia, SC 29203","Sales Pipeline","Appointment Scheduled","199000","","https://www.zillow.com/homedetails/822-Apache-Dr-Columbia-SC-29203/11674771_zpid/ | For Sale | Agent: Caleb Jones 864-230-4769"
"1683 Rabon Farms Ln, Columbia, SC 29223","Sales Pipeline","Appointment Scheduled","225000","","https://www.zillow.com/homedetails/1683-Rabon-Farms-Ln-Columbia-SC-29223/121966583_zpid/ | For Sale | Agent: Nina Hathaway 803-736-7870"
"1115 Belmont Green Rd, Columbia, SC 29209","Sales Pipeline","Appointment Scheduled","299000","","https://www.zillow.com/homedetails/1115-Belmont-Green-Rd-Columbia-SC-29209/2058639858_zpid/ | For Sale | Agent: Marcy M Glover 803-399-7239"
"14 Shadow Creek Ct, Columbia, SC 29209","Sales Pipeline","Appointment Scheduled","174900","","https://www.zillow.com/homedetails/14-Shadow-Creek-Ct-Columbia-SC-29209/11734844_zpid/ | Townhouse | Agent: Steve Cowart 803-388-8798"
"1201 Sycamore Ave, Columbia, SC 29203","Sales Pipeline","Appointment Scheduled","184900","","https://www.zillow.com/homedetails/1201-Sycamore-Ave-Columbia-SC-29203/11679597_zpid/ | For Sale | Agent: Randal Longo 843-737-6347"
"1314 Red Ridge Ter, Columbia, SC 29203","Sales Pipeline","Appointment Scheduled","33000","","https://www.zillow.com/homedetails/1314-Red-Ridge-Ter-Columbia-SC-29203/2066432220_zpid/ | Land | Agent: Alannah Howard 803-359-9571"
"301 Squire Rd, Columbia, SC 29223","Sales Pipeline","Appointment Scheduled","227500","","https://www.zillow.com/homedetails/301-Squire-Rd-Columbia-SC-29223/11730437_zpid/ | For Sale | Agent: Dena B Thomas 803-613-0000"
"4604 Ridgewood Ave, Columbia, SC 29203","Sales Pipeline","Appointment Scheduled","290000","","https://www.zillow.com/homedetails/4604-Ridgewood-Ave-Columbia-SC-29203/11679085_zpid/ | For Sale | Agent: Delaney Morgan 803-530-9272"
"424 Folkstone Rd, Columbia, SC 29223","Sales Pipeline","Appointment Scheduled","229000","","https://www.zillow.com/homedetails/424-Folkstone-Rd-Columbia-SC-29223/11722547_zpid/ | For Sale | Agent: Richard Hampton 803-736-7870"
"408 Summit Townes Way, Columbia, SC 29229","Sales Pipeline","Appointment Scheduled","165000","","https://www.zillow.com/homedetails/408-Summit-Townes-Way-Columbia-SC-29229/62990812_zpid/ | Townhouse | Agent: Coby Jennings 803-399-7239"
"7517 Eileen St, Columbia, SC 29209","Sales Pipeline","Appointment Scheduled","49000","","https://www.zillow.com/homedetails/7517-Eileen-St-Columbia-SC-29209/11724292_zpid/ | Land | Agent: Rochelle Hicklin 803-814-6363"
"911 S Stadium Rd #A-31, Columbia, SC 29201","Sales Pipeline","Appointment Scheduled","19500","","https://www.zillow.com/homedetails/911-S-Stadium-Rd-A-31-Columbia-SC-29201/452136424_zpid/ | Land | Agent: Carlton Segars 803-730-0082"
"203 Autumn Run Cir, Columbia, SC 29229","Sales Pipeline","Appointment Scheduled","215000","","https://www.zillow.com/homedetails/203-Autumn-Run-Cir-Columbia-SC-29229/61363812_zpid/ | For Sale | Agent: Jim Minick 803-788-2811"
"409 Sheridan Dr, Columbia, SC 29223","Sales Pipeline","Appointment Scheduled","249000","","https://www.zillow.com/homedetails/409-Sheridan-Dr-Columbia-SC-29223/11730955_zpid/ | For Sale | Agent: Jerelyn Russell 803-753-4711"
"9829 Highgate Rd, Columbia, SC 29223","Sales Pipeline","Appointment Scheduled","250000","","https://www.zillow.com/homedetails/9829-Highgate-Rd-Columbia-SC-29223/11729028_zpid/ | For Sale | Agent: Amanda Farwick 803-780-4536"
"7008 Monticello Rd, Columbia, SC 29203","Sales Pipeline","Appointment Scheduled","75000","","https://www.zillow.com/homedetails/7008-Monticello-Rd-Columbia-SC-29203/121966127_zpid/ | Land | Agent: Brad Dampier 803-477-3930"
"133 Heritage Village Ln, Columbia, SC 29212","Sales Pipeline","Appointment Scheduled","169900","","https://www.zillow.com/homedetails/133-Heritage-Village-Ln-Columbia-SC-29212/52113947_zpid/ | For Sale | Agent: Shayla Riley 803-765-0211"
"108 Waterford Dr, Columbia, SC 29203","Sales Pipeline","Appointment Scheduled","174999","","https://www.zillow.com/homedetails/108-Waterford-Dr-Columbia-SC-29203/11674865_zpid/ | For Sale | Agent: Kelly Greer 888-440-2798"
"41 Heritage Village Ln, Columbia, SC 29212","Sales Pipeline","Appointment Scheduled","179999","","https://www.zillow.com/homedetails/41-Heritage-Village-Ln-Columbia-SC-29212/11671790_zpid/ | For Sale | Agent: Suzanne Fives 803-765-0211"
"2025 Elmridge Rd, Columbia, SC 29209","Sales Pipeline","Appointment Scheduled","290000","","https://www.zillow.com/homedetails/2025-Elmridge-Rd-Columbia-SC-29209/445790488_zpid/ | For Sale | Agent: Staci Green 803-832-2404"
"2021 Morninglo Ln, Columbia, SC 29223","Sales Pipeline","Appointment Scheduled","165000","","https://www.zillow.com/homedetails/2021-Morninglo-Ln-Columbia-SC-29223/11726986_zpid/ | For Sale | Agent: Joshua Jackson 803-708-0057"
"508 Rockhaven Dr, Columbia, SC 29223","Sales Pipeline","Appointment Scheduled","164900","","https://www.zillow.com/homedetails/508-Rockhaven-Dr-Columbia-SC-29223/11722832_zpid/ | For Sale | Agent: Constance Bennett 803-613-5083"
"10 Trentridge Ct, Columbia, SC 29229","Sales Pipeline","Appointment Scheduled","189900","","https://www.zillow.com/homedetails/10-Trentridge-Ct-Columbia-SC-29229/67615246_zpid/ | Townhouse | Agent: Isaac Badillo 803-399-7239"
"192 Dunham Rd, Columbia, SC 29209","Sales Pipeline","Appointment Scheduled","294990","","https://www.zillow.com/homedetails/192-Dunham-Rd-Columbia-SC-29209/2059263089_zpid/ | For Sale | Agent: Gene Springfield 803-939-8562"
"1135 Omega Dr, Columbia, SC 29223","Sales Pipeline","Appointment Scheduled","169900","","https://www.zillow.com/homedetails/1135-Omega-Dr-Columbia-SC-29223/11720059_zpid/ | For Sale | Agent: Constance Bennett 803-613-5083"
"7653 Terry St, Columbia, SC 29209","Sales Pipeline","Appointment Scheduled","125000","","https://www.zillow.com/homedetails/7653-Terry-St-Columbia-SC-29209/11724463_zpid/ | For Sale | Agent: Willette Davis 888-668-8283"
"5225 Two Notch Rd, Columbia, SC 29204","Sales Pipeline","Appointment Scheduled","164900","","https://www.zillow.com/homedetails/5225-Two-Notch-Rd-Columbia-SC-29204/300045661_zpid/ | For Sale | Agent: Tricia R Kim 803-722-1900"
"E/s Tremont Ave #12, Columbia, SC 29203","Sales Pipeline","Appointment Scheduled","20000","","https://www.zillow.com/homedetails/E-s-Tremont-Ave-12-Columbia-SC-29203/461591737_zpid/ | Land | Agent: Carmen Malsbury 803-251-9855"
"2054 Elmridge Rd, Columbia, SC 29209","Sales Pipeline","Appointment Scheduled","299000","","https://www.zillow.com/homedetails/2054-Elmridge-Rd-Columbia-SC-29209/2067481982_zpid/ | For Sale | Agent: Lesa Darnell 803-780-4536"
"306 Charleswood Dr, Columbia, SC 29223","Sales Pipeline","Appointment Scheduled","159900","","https://www.zillow.com/homedetails/306-Charleswood-Dr-Columbia-SC-29223/11722501_zpid/ | For Sale | Agent: Constance Bennett 803-613-5083"
"3714 Hydrangea St, Columbia, SC 29205","Sales Pipeline","Appointment Scheduled","279000","","https://www.zillow.com/homedetails/3714-Hydrangea-St-Columbia-SC-29205/11698385_zpid/ | For Sale | Agent: Pamela Pearson 803-252-7500"
"2539 Cherry St, Columbia, SC 29205","Sales Pipeline","Appointment Scheduled","200000","","https://www.zillow.com/homedetails/2539-Cherry-St-Columbia-SC-29205/11687131_zpid/ | Land | Agent: Rachel Spence 704-234-7880"
"217 Sharpe Rd, Columbia, SC 29203","Sales Pipeline","Appointment Scheduled","110000","","https://www.zillow.com/homedetails/217-Sharpe-Rd-Columbia-SC-29203/11695596_zpid/ | For Sale | Agent: Josh Stevenson 803-772-5858"
"1124 Robin Nest Rd, Columbia, SC 29223","Sales Pipeline","Appointment Scheduled","169000","","https://www.zillow.com/homedetails/1124-Robin-Nest-Rd-Columbia-SC-29223/11719517_zpid/ | For Sale | Agent: Huyen Chen 803-732-2200"
"338 Bowling Ave, Columbia, SC 29203","Sales Pipeline","Appointment Scheduled","149900","","https://www.zillow.com/homedetails/338-Bowling-Ave-Columbia-SC-29203/11694967_zpid/ | For Sale | Agent: Tyler Richardson 803-740-1422"
"N/s Columbia Ave, Columbia, SC 29201","Sales Pipeline","Appointment Scheduled","200000","","https://www.zillow.com/homedetails/N-s-Columbia-Ave-Columbia-SC-29201/461474210_zpid/ | Land | Agent: Ashley McKee 803-732-2200"
"16 Sand Spur Rd, Columbia, SC 29223","Sales Pipeline","Appointment Scheduled","60000","","https://www.zillow.com/homedetails/16-Sand-Spur-Rd-Columbia-SC-29223/121962564_zpid/ | Land | Agent: Valerie N Thompson 803-386-0575"
"Wakefield Rd, Columbia, SC 29203","Sales Pipeline","Appointment Scheduled","25000","","https://www.zillow.com/homedetails/Wakefield-Rd-Columbia-SC-29203/305553412_zpid/ | Land | Agent: Adrianna Gassaway 803-399-7239"
"0 River Ridge Rd, Columbia, SC 29210","Sales Pipeline","Appointment Scheduled","85000","","https://www.zillow.com/homedetails/0-River-Ridge-Rd-Columbia-SC-29210/2112216368_zpid/ | Land | Agent: Steve Cowart 803-388-8798"
"617 Richland St, Columbia, SC 29201","Sales Pipeline","Appointment Scheduled","90000","","https://www.zillow.com/homedetails/617-Richland-St-Columbia-SC-29201/11675615_zpid/ | Land | Agent: Tan Benson 803-399-7239"
"4723 Linden St, Columbia, SC 29203","Sales Pipeline","Appointment Scheduled","145000","","https://www.zillow.com/homedetails/4723-Linden-St-Columbia-SC-29203/11680212_zpid/ | For Sale | Agent: Carolinas One Source Realty LLC 803-250-1062"
"357 Canal Place Dr, Columbia, SC 29201","Sales Pipeline","Appointment Scheduled","60000","","https://www.zillow.com/homedetails/357-Canal-Place-Dr-Columbia-SC-29201/305552797_zpid/ | Land | Agent: Hope Derrick 803-772-5858"
"188 Crestland Dr, Columbia, SC 29210","Sales Pipeline","Appointment Scheduled","159000","","https://www.zillow.com/homedetails/188-Crestland-Dr-Columbia-SC-29210/88000602_zpid/ | Townhouse | Agent: Daniel Bukszar 803-828-3503"
"106 Harbor Dr, Columbia, SC 29229","Sales Pipeline","Appointment Scheduled","120000","","https://www.zillow.com/homedetails/106-Harbor-Dr-Columbia-SC-29229/2061149519_zpid/ | Land | Agent: Chris Barnette 803-298-5155"
"619 Teardrop Ln, Columbia, SC 29229","Sales Pipeline","Appointment Scheduled","230000","","https://www.zillow.com/homedetails/619-Teardrop-Ln-Columbia-SC-29229/118550071_zpid/ | For Sale | Agent: Adriana Robinson 888-440-2798"
"1644 Pincushion Rd, Columbia, SC 29209","Sales Pipeline","Appointment Scheduled","62000","","https://www.zillow.com/homedetails/1644-Pincushion-Rd-Columbia-SC-29209/121962297_zpid/ | Land | Agent: Randal Longo 843-737-6347"
"408 Thornfield Rd, Columbia, SC 29229","Sales Pipeline","Appointment Scheduled","204900","","https://www.zillow.com/homedetails/408-Thornfield-Rd-Columbia-SC-29229/11731585_zpid/ | For Sale | Agent: Constance Bennett 803-613-5083"
"121 Frasier Bay Rd, Columbia, SC 29229","Sales Pipeline","Appointment Scheduled","295000","","https://www.zillow.com/homedetails/121-Frasier-Bay-Rd-Columbia-SC-29229/55194138_zpid/ | For Sale | Agent: Lynn R Martin 803-772-5858"
"2012 Lmridge Rd, Columbia, SC 29209","Sales Pipeline","Appointment Scheduled","275000","","https://www.zillow.com/homedetails/2012-Lmridge-Rd-Columbia-SC-29209/2067363091_zpid/ | For Sale | Agent: Harold Schmidt 803-828-3503"
"3838 Wellesley Dr, Columbia, SC 29203","Sales Pipeline","Appointment Scheduled","207000","","https://www.zillow.com/homedetails/3838-Wellesley-Dr-Columbia-SC-29203/11676244_zpid/ | For Sale | Agent: Ariel Stewart 803-788-2811"
"7604 Edgewater Dr, Columbia, SC 29223","Sales Pipeline","Appointment Scheduled","185000","","https://www.zillow.com/homedetails/7604-Edgewater-Dr-Columbia-SC-29223/11721310_zpid/ | For Sale | Agent: Kristie Oswald 803-708-2013"
"628 Ridge Trail Dr, Columbia, SC 29229","Sales Pipeline","Appointment Scheduled","290000","","https://www.zillow.com/homedetails/628-Ridge-Trail-Dr-Columbia-SC-29229/11741251_zpid/ | For Sale | Agent: Autumn Adams 803-780-4536"
"3624 Harrogate Rd, Columbia, SC 29210","Sales Pipeline","Appointment Scheduled","205000","","https://www.zillow.com/homedetails/3624-Harrogate-Rd-Columbia-SC-29210/11201466_zpid/ | For Sale | Agent: Thomas Shoupe 480-462-5392"
"1531 Alma Rd, Columbia, SC 29209","Sales Pipeline","Appointment Scheduled","230000","","https://www.zillow.com/homedetails/1531-Alma-Rd-Columbia-SC-29209/11715547_zpid/ | For Sale | Agent: Lauren Small 803-409-0830"
"336 Byron Rd, Columbia, SC 29209","Sales Pipeline","Appointment Scheduled","235000","","https://www.zillow.com/homedetails/336-Byron-Rd-Columbia-SC-29209/71270687_zpid/ | Townhouse | Agent: Mary Twitty 803-303-0390"
"311 Lockner Rd, Columbia, SC 29212","Sales Pipeline","Appointment Scheduled","299900","","https://www.zillow.com/homedetails/311-Lockner-Rd-Columbia-SC-29212/11191009_zpid/ | For Sale | Agent: Kodee Weipert 803-469-2100"
"260 Woodwinds Dr, Columbia, SC 29212","Sales Pipeline","Appointment Scheduled","242000","","https://www.zillow.com/homedetails/260-Woodwinds-Dr-Columbia-SC-29212/11193155_zpid/ | For Sale | Agent: Thomas Shoupe 480-462-5392"
"10 Crimson Ct, Columbia, SC 29229","Sales Pipeline","Appointment Scheduled","189900","","https://www.zillow.com/homedetails/10-Crimson-Ct-Columbia-SC-29229/11733116_zpid/ | For Sale | Agent: Constance Bennett 803-613-5083"
"109 Kingston Trace Rd, Columbia, SC 29229","Sales Pipeline","Appointment Scheduled","274900","","https://www.zillow.com/homedetails/109-Kingston-Trace-Rd-Columbia-SC-29229/62990822_zpid/ | For Sale | Agent: Jeffrey R Graham 803-432-7370"
"5711 Miramar Dr, Columbia, SC 29203","Sales Pipeline","Appointment Scheduled","190000","","https://www.zillow.com/homedetails/5711-Miramar-Dr-Columbia-SC-29203/11693774_zpid/ | For Sale | Agent: Kelli Carson 803-399-7239"
"521 Briercliff Dr, Columbia, SC 29203","Sales Pipeline","Appointment Scheduled","89000","","https://www.zillow.com/homedetails/521-Briercliff-Dr-Columbia-SC-29203/11722962_zpid/ | FSBO"
"1022 Sandpiper Ln, Columbia, SC 29203","Sales Pipeline","Appointment Scheduled","224990","","https://www.zillow.com/homedetails/1022-Sandpiper-Ln-Columbia-SC-29203/11680735_zpid/ | For Sale | Agent: Rayner Rojas Chavez 888-455-6040"
"2304 Pelican Dr, Columbia, SC 29203","Sales Pipeline","Appointment Scheduled","124900","","https://www.zillow.com/homedetails/2304-Pelican-Dr-Columbia-SC-29203/11680865_zpid/ | For Sale | Agent: Isabella Frazier 803-613-5083"
"25 Saint Andrews Place Ct, Columbia, SC 29210","Sales Pipeline","Appointment Scheduled","200000","","https://www.zillow.com/homedetails/25-Saint-Andrews-Place-Ct-Columbia-SC-29210/121968885_zpid/ | For Sale | Agent: Eddie Adamson 803-399-7239"
"626 Harbour Pointe Dr, Columbia, SC 29229","Sales Pipeline","Appointment Scheduled","299000","","https://www.zillow.com/homedetails/626-Harbour-Pointe-Dr-Columbia-SC-29229/88002035_zpid/ | For Sale | Agent: Joseph Dixon 803-832-2404"
"1901 Glenwood Rd, Columbia, SC 29204","Sales Pipeline","Appointment Scheduled","249000","","https://www.zillow.com/homedetails/1901-Glenwood-Rd-Columbia-SC-29204/11705329_zpid/ | For Sale | Agent: Thomas Shoupe 480-462-5392"
"Nx 1635 Dupont Dr, Columbia, SC 29223","Sales Pipeline","Appointment Scheduled","32400","","https://www.zillow.com/homedetails/Nx-1635-Dupont-Dr-Columbia-SC-29223/463200552_zpid/ | Land | Agent: Shaka Pope 803-767-8727"
"1000 Coatesdale Rd, Columbia, SC 29209","Sales Pipeline","Appointment Scheduled","199900","","https://www.zillow.com/homedetails/1000-Coatesdale-Rd-Columbia-SC-29209/11714480_zpid/ | For Sale | Agent: Sam Fiorini 803-851-3160"
"301 Tendrill Ct, Columbia, SC 29210","Sales Pipeline","Appointment Scheduled","240000","","https://www.zillow.com/homedetails/301-Tendrill-Ct-Columbia-SC-29210/11196739_zpid/ | For Sale | Agent: Tracy M Stutler 803-772-5858"
"101 Bosworth Field Rd, Columbia, SC 29212","Sales Pipeline","Appointment Scheduled","254900","","https://www.zillow.com/homedetails/101-Bosworth-Field-Rd-Columbia-SC-29212/11188194_zpid/ | For Sale | Agent: Jessica J Martinez 877-366-2213"
"923 Huntington Ave, Columbia, SC 29205","Sales Pipeline","Appointment Scheduled","229900","","https://www.zillow.com/homedetails/923-Huntington-Ave-Columbia-SC-29205/11682790_zpid/ | For Sale | Agent: Becky Traynham 803-764-7968"
"1311 Means Ave, Columbia, SC 29210","Sales Pipeline","Appointment Scheduled","125000","","https://www.zillow.com/homedetails/1311-Means-Ave-Columbia-SC-29210/300044280_zpid/ | For Sale | Agent: Brian L Faltus 803-772-5858"
"1826 Overhill Rd, Columbia, SC 29223","Sales Pipeline","Appointment Scheduled","164900","","https://www.zillow.com/homedetails/1826-Overhill-Rd-Columbia-SC-29223/11720346_zpid/ | For Sale | Agent: Constance Bennett 803-613-5083"
"1 Newcourt Pl, Columbia, SC 29229","Sales Pipeline","Appointment Scheduled","266000","","https://www.zillow.com/homedetails/1-Newcourt-Pl-Columbia-SC-29229/11731868_zpid/ | For Sale | Agent: Thomas Shoupe 480-462-5392"
"466 Robins Egg Dr, Columbia, SC 29229","Sales Pipeline","Appointment Scheduled","279000","","https://www.zillow.com/homedetails/466-Robins-Egg-Dr-Columbia-SC-29229/88007353_zpid/ | For Sale | Agent: Hannah Norman 803-353-5510"
"116 Patio Pl, Columbia, SC 29212","Sales Pipeline","Appointment Scheduled","265000","","https://www.zillow.com/homedetails/116-Patio-Pl-Columbia-SC-29212/11668808_zpid/ | For Sale | Agent: Tricia R Kim 803-722-1900"
"1700 Grays Inn Rd, Columbia, SC 29210","Sales Pipeline","Appointment Scheduled","92000","","https://www.zillow.com/homedetails/1700-Grays-Inn-Rd-Columbia-SC-29210/2137234704_zpid/ | FSBO"
"317 W Miriam Ave, Columbia, SC 29203","Sales Pipeline","Appointment Scheduled","95000","","https://www.zillow.com/homedetails/317-W-Miriam-Ave-Columbia-SC-29203/11678497_zpid/ | For Sale | Agent: Sandra Cook 803-772-5858"
"100 Bennington Cir, Columbia, SC 29229","Sales Pipeline","Appointment Scheduled","230000","","https://www.zillow.com/homedetails/100-Bennington-Cir-Columbia-SC-29229/11732991_zpid/ | For Sale | Agent: Justin Boneparte 803-772-5858"
"3844 Wilmot Ave, Columbia, SC 29205","Sales Pipeline","Appointment Scheduled","239000","","https://www.zillow.com/homedetails/3844-Wilmot-Ave-Columbia-SC-29205/11701564_zpid/ | For Sale | Agent: Scarlett Herbkersman 803-799-8035"
"9505 Puritan Rd, Columbia, SC 29209","Sales Pipeline","Appointment Scheduled","235000","","https://www.zillow.com/homedetails/9505-Puritan-Rd-Columbia-SC-29209/11724800_zpid/ | For Sale | Agent: Lisa Despres 803-386-0575"
"429 Indigo Ridge Dr, Columbia, SC 29229","Sales Pipeline","Appointment Scheduled","290000","","https://www.zillow.com/homedetails/429-Indigo-Ridge-Dr-Columbia-SC-29229/88012709_zpid/ | For Sale | Agent: Ian Raysor 888-440-2798"
"100 Pincushion Ln, Columbia, SC 29209","Sales Pipeline","Appointment Scheduled","244900","","https://www.zillow.com/homedetails/100-Pincushion-Ln-Columbia-SC-29209/11724003_zpid/ | For Sale | Agent: Constance Bennett 803-613-5083"
"6 Elders Pond Ct, Columbia, SC 29229","Sales Pipeline","Appointment Scheduled","219900","","https://www.zillow.com/homedetails/6-Elders-Pond-Ct-Columbia-SC-29229/55194323_zpid/ | For Sale | Agent: Isabella Frazier 803-613-5083"
"320 Folkstone Rd, Columbia, SC 29223","Sales Pipeline","Appointment Scheduled","189900","","https://www.zillow.com/homedetails/320-Folkstone-Rd-Columbia-SC-29223/11722558_zpid/ | For Sale | Agent: Constance Bennett 803-613-5083"
"126 Burnsdowne Rd, Columbia, SC 29210","Sales Pipeline","Appointment Scheduled","235000","","https://www.zillow.com/homedetails/126-Burnsdowne-Rd-Columbia-SC-29210/11194962_zpid/ | For Sale | Agent: Tracy Clark 803-828-3503"
"5 Hempstead Pl, Columbia, SC 29229","Sales Pipeline","Appointment Scheduled","257000","","https://www.zillow.com/homedetails/5-Hempstead-Pl-Columbia-SC-29229/67609075_zpid/ | For Sale | Agent: Thomas Shoupe 480-462-5392"
"5912 Yorkshire Dr, Columbia, SC 29209","Sales Pipeline","Appointment Scheduled","289900","","https://www.zillow.com/homedetails/5912-Yorkshire-Dr-Columbia-SC-29209/11716295_zpid/ | For Sale | Agent: Ashley Johnson 803-732-9119"
"2525 Cardington Dr, Columbia, SC 29209","Sales Pipeline","Appointment Scheduled","215000","","https://www.zillow.com/homedetails/2525-Cardington-Dr-Columbia-SC-29209/11726525_zpid/ | FSBO"
"222 Sepia Ct, Columbia, SC 29229","Sales Pipeline","Appointment Scheduled","299000","","https://www.zillow.com/homedetails/222-Sepia-Ct-Columbia-SC-29229/110229481_zpid/ | For Sale | Agent: Braden Greer 888-440-2798"
"308 Algrave Way, Columbia, SC 29229","Sales Pipeline","Appointment Scheduled","240000","","https://www.zillow.com/homedetails/308-Algrave-Way-Columbia-SC-29229/67616278_zpid/ | For Sale | Agent: Thomas Shoupe 480-462-5392"
"126 Village Walk, Columbia, SC 29209","Sales Pipeline","Appointment Scheduled","169900","","https://www.zillow.com/homedetails/126-Village-Walk-Columbia-SC-29209/11715751_zpid/ | For Sale | Agent: Scott Baker 803-613-5083"
"2112 Academy St, Columbia, SC 29203","Sales Pipeline","Appointment Scheduled","124000","","https://www.zillow.com/homedetails/2112-Academy-St-Columbia-SC-29203/300045324_zpid/ | For Sale | Agent: Samuel Negrin 888-440-2798"
"1024 Price Ave, Columbia, SC 29201","Sales Pipeline","Appointment Scheduled","275000","","https://www.zillow.com/homedetails/1024-Price-Ave-Columbia-SC-29201/11675838_zpid/ | For Sale | Agent: Angela Cerbelli 803-548-4995"
"8206 Bayfield Rd, Columbia, SC 29223","Sales Pipeline","Appointment Scheduled","234550","","https://www.zillow.com/homedetails/8206-Bayfield-Rd-Columbia-SC-29223/11721928_zpid/ | For Sale | Agent: Sally Newell 803-957-5566"
"29 Wild Iris Ct, Columbia, SC 29209","Sales Pipeline","Appointment Scheduled","219900","","https://www.zillow.com/homedetails/29-Wild-Iris-Ct-Columbia-SC-29209/80994624_zpid/ | For Sale | Agent: Chad Williams 803-490-1877"
"138 Morningside Dr, Columbia, SC 29210","Sales Pipeline","Appointment Scheduled","255000","","https://www.zillow.com/homedetails/138-Morningside-Dr-Columbia-SC-29210/11670796_zpid/ | For Sale | Agent: Reagan Gill 803-683-2210"
"205 Alderston Way, Columbia, SC 29229","Sales Pipeline","Appointment Scheduled","285000","","https://www.zillow.com/homedetails/205-Alderston-Way-Columbia-SC-29229/11739996_zpid/ | For Sale | Agent: Tarina M Newton 803-788-2811"
"551 Seton Hall Dr, Columbia, SC 29223","Sales Pipeline","Appointment Scheduled","199900","","https://www.zillow.com/homedetails/551-Seton-Hall-Dr-Columbia-SC-29223/11739516_zpid/ | For Sale | Agent: Rebecca Nelson 843-737-0708"
"389 Northwood St, Columbia, SC 29201","Sales Pipeline","Appointment Scheduled","279900","","https://www.zillow.com/homedetails/389-Northwood-St-Columbia-SC-29201/67615595_zpid/ | For Sale | Agent: Terence Smith 803-530-3962"
"326 Rockingham Rd, Columbia, SC 29223","Sales Pipeline","Appointment Scheduled","154900","","https://www.zillow.com/homedetails/326-Rockingham-Rd-Columbia-SC-29223/11730236_zpid/ | For Sale | Agent: Isabella Frazier 803-613-5083"
"6 Woodlands Ridge Ct, Columbia, SC 29229","Sales Pipeline","Appointment Scheduled","240000","","https://www.zillow.com/homedetails/6-Woodlands-Ridge-Ct-Columbia-SC-29229/67597998_zpid/ | For Sale | Agent: Elizabeth Byrd 803-765-0211"
"1640 Woodford Rd, Columbia, SC 29209","Sales Pipeline","Appointment Scheduled","179900","","https://www.zillow.com/homedetails/1640-Woodford-Rd-Columbia-SC-29209/11725082_zpid/ | For Sale | Agent: Constance Bennett 803-613-5083"
"321 Crawford Rd, Columbia, SC 29203","Sales Pipeline","Appointment Scheduled","119000","","https://www.zillow.com/homedetails/321-Crawford-Rd-Columbia-SC-29203/11694588_zpid/ | For Sale | Agent: Robert Ouzts 803-370-2406"
"1143 Owens Rd, Columbia, SC 29203","Sales Pipeline","Appointment Scheduled","85000","","https://www.zillow.com/homedetails/1143-Owens-Rd-Columbia-SC-29203/11681440_zpid/ | For Sale | Agent: Brad Dampier 803-477-3930"
"3033 Blue Brook Ln, Columbia, SC 29209","Sales Pipeline","Appointment Scheduled","285000","","https://www.zillow.com/homedetails/3033-Blue-Brook-Ln-Columbia-SC-29209/462107030_zpid/ | For Sale | Agent: Jim Leitherer 803-353-5510"
"1009 Gardendale Dr, Columbia, SC 29210","Sales Pipeline","Appointment Scheduled","185000","","https://www.zillow.com/homedetails/1009-Gardendale-Dr-Columbia-SC-29210/11201130_zpid/ | For Sale | Agent: Nadia M Boyd 803-356-2455"
"1929 Bluff Rd Unit 115, Columbia, SC 29201","Sales Pipeline","Appointment Scheduled","189000","","https://www.zillow.com/homedetails/1929-Bluff-Rd-UNIT-115-Columbia-SC-29201/92392303_zpid/ | For Sale | Agent: Terri A Irvin 803-477-3930"
"1328 Baffin Bay Rd, Columbia, SC 29212","Sales Pipeline","Appointment Scheduled","205000","","https://www.zillow.com/homedetails/1328-Baffin-Bay-Rd-Columbia-SC-29212/11195883_zpid/ | For Sale | Agent: Thomas Shoupe 480-462-5392"
"1246 Rabon Pond Dr, Columbia, SC 29223","Sales Pipeline","Appointment Scheduled","229900","","https://www.zillow.com/homedetails/1246-Rabon-Pond-Dr-Columbia-SC-29223/121967131_zpid/ | For Sale | Agent: Austin Franks 803-353-5510"
"6 Shadow Creek Ct, Columbia, SC 29209","Sales Pipeline","Appointment Scheduled","215000","","https://www.zillow.com/homedetails/6-Shadow-Creek-Ct-Columbia-SC-29209/11734852_zpid/ | For Sale | Agent: Gabby Thomas 803-788-2811"
"1311 Waverly Place Dr, Columbia, SC 29229","Sales Pipeline","Appointment Scheduled","240000","","https://www.zillow.com/homedetails/1311-Waverly-Place-Dr-Columbia-SC-29229/67611999_zpid/ | For Sale | Agent: Abby Hughes 803-388-8798"
"1002 Benton St, Columbia, SC 29201","Sales Pipeline","Appointment Scheduled","300000","","https://www.zillow.com/homedetails/1002-Benton-St-Columbia-SC-29201/11676985_zpid/ | For Sale | Agent: Doug Copeland 803-388-8798"
"7316 Parkview Dr, Columbia, SC 29223","Sales Pipeline","Appointment Scheduled","109250","","https://www.zillow.com/homedetails/7316-Parkview-Dr-Columbia-SC-29223/11712516_zpid/ | Auction | Agent: Realhome Services & Solutions 770-937-5747"
"2201 Kennedy St, Columbia, SC 29205","Sales Pipeline","Appointment Scheduled","259000","","https://www.zillow.com/homedetails/2201-Kennedy-St-Columbia-SC-29205/11682613_zpid/ | For Sale | Agent: Tinara Exume 803-832-2404"
"1437 Aralia Dr, Columbia, SC 29205","Sales Pipeline","Appointment Scheduled","204900","","https://www.zillow.com/homedetails/1437-Aralia-Dr-Columbia-SC-29205/11698436_zpid/ | For Sale | Agent: Scott Baker 803-613-5083"
"3825 Monroe St, Columbia, SC 29205","Sales Pipeline","Appointment Scheduled","219999","","https://www.zillow.com/homedetails/3825-Monroe-St-Columbia-SC-29205/11701422_zpid/ | For Sale | Agent: Courtney McCullough 803-683-2210"
"1802 Fairhaven Dr, Columbia, SC 29210","Sales Pipeline","Appointment Scheduled","250000","","https://www.zillow.com/homedetails/1802-Fairhaven-Dr-Columbia-SC-29210/11670053_zpid/ | For Sale | Agent: Nathan Arnold 803-772-5858"
"706 Hemphill St, Columbia, SC 29205","Sales Pipeline","Appointment Scheduled","177900","","https://www.zillow.com/homedetails/706-Hemphill-St-Columbia-SC-29205/11699160_zpid/ | For Sale | Agent: Diane Farr 803-799-8035"
"109 Oakley Dr, Columbia, SC 29223","Sales Pipeline","Appointment Scheduled","149900","","https://www.zillow.com/homedetails/109-Oakley-Dr-Columbia-SC-29223/11710725_zpid/ | For Sale | Agent: Patricia A Walker 803-556-3078"
"1223 Harvey St, Columbia, SC 29201","Sales Pipeline","Appointment Scheduled","214900","","https://www.zillow.com/homedetails/1223-Harvey-St-Columbia-SC-29201/11676765_zpid/ | For Sale | Agent: Kevin Fields 803-466-0031"
"804 Winslow Way, Columbia, SC 29229","Sales Pipeline","Appointment Scheduled","209900","","https://www.zillow.com/homedetails/804-Winslow-Way-Columbia-SC-29229/11732612_zpid/ | For Sale | Agent: Constance Bennett 803-613-5083"
"184 Springway Dr, Columbia, SC 29209","Sales Pipeline","Appointment Scheduled","229900","","https://www.zillow.com/homedetails/184-Springway-Dr-Columbia-SC-29209/61363414_zpid/ | For Sale | Agent: Darryl Robinson 843-410-8246"
"420 Pitchling Dr, Columbia, SC 29223","Sales Pipeline","Appointment Scheduled","200000","","https://www.zillow.com/homedetails/420-Pitchling-Dr-Columbia-SC-29223/2073177538_zpid/ | For Sale | Agent: Kira Person 803-610-4121"
"365 Garden Dr, Columbia, SC 29204","Sales Pipeline","Appointment Scheduled","70000","","https://www.zillow.com/homedetails/365-Garden-Dr-Columbia-SC-29204/11692760_zpid/ | For Sale | Agent: Steve Cowart 803-388-8798"
"154 Ashewicke Dr, Columbia, SC 29229","Sales Pipeline","Appointment Scheduled","275000","","https://www.zillow.com/homedetails/154-Ashewicke-Dr-Columbia-SC-29229/108868167_zpid/ | For Sale | Agent: Thomas Shoupe 480-462-5392"